Date,Open,High,Low,Close,Adj Close,Volume
1/3/2017,28.950001,29.0825,28.690001,29.0375,27.174757,115127600
1/4/2017,28.9625,29.127501,28.9375,29.004999,27.144339,84472400
1/5/2017,28.98,29.215,28.952499,29.1525,27.282379,88774400
1/6/2017,29.195,29.540001,29.1175,29.477501,27.586529,127007600
1/9/2017,29.487499,29.8575,29.485001,29.747499,27.839207,134247600
1/10/2017,29.692499,29.844999,29.575001,29.7775,27.867283,97848400
1/11/2017,29.684999,29.9825,29.65,29.9375,28.017017,110354400
1/12/2017,29.725,29.825001,29.5525,29.8125,27.900038,108344800
1/13/2017,29.7775,29.905001,29.702499,29.76,27.850906,104447600
1/17/2017,29.584999,30.059999,29.555,30,28.07551,137759200
1/18/2017,30,30.125,29.9275,29.997499,28.073168,94852000
1/19/2017,29.85,30.022499,29.842501,29.945,28.024036,102389200
1/20/2017,30.112499,30.112499,29.932501,30,28.07551,130391600
1/23/2017,30,30.202499,29.942499,30.02,28.094225,88200800
1/24/2017,29.887501,30.025,29.875,29.9925,28.068497,92844000
1/25/2017,30.105,30.525,30.07,30.469999,28.515358,129510400
1/26/2017,30.4175,30.610001,30.4,30.485001,28.529396,105350400
1/27/2017,30.535,30.5875,30.4,30.487499,28.531736,82251600
1/30/2017,30.2325,30.407499,30.165001,30.407499,28.456867,121510000
1/31/2017,30.2875,30.3475,30.155001,30.3375,28.391363,196804000
2/1/2017,31.7575,32.622501,31.752501,32.1875,30.122684,447940000
2/2/2017,31.995001,32.3475,31.945,32.1325,30.071211,134841600
2/3/2017,32.077499,32.297501,32.040001,32.27,30.199896,98029200
2/6/2017,32.282501,32.625,32.224998,32.572498,30.482981,107383600
2/7/2017,32.634998,33.022499,32.612499,32.8825,30.773098,152735200
2/8/2017,32.837502,33.055,32.805,33.009998,30.892418,92016400
2/9/2017,32.912498,33.112499,32.779999,33.105,31.115641,113399600
2/10/2017,33.115002,33.235001,33.012501,33.029999,31.045156,80262000
2/13/2017,33.27,33.455002,33.1875,33.322498,31.320074,92141600
2/14/2017,33.3675,33.772499,33.3125,33.755001,31.726578,132904800
2/15/2017,33.880001,34.067501,33.654999,33.877499,31.841724,142492400
2/16/2017,33.9175,33.974998,33.709999,33.837502,31.804132,90338400
2/17/2017,33.775002,33.9575,33.775002,33.93,31.891069,88792800
2/21/2017,34.057499,34.1875,33.994999,34.174999,32.121349,98028800
2/22/2017,34.107498,34.279999,34.0275,34.2775,32.217701,83347600
2/23/2017,34.345001,34.369999,34.075001,34.1325,32.081398,83152800
2/24/2017,33.977501,34.165001,33.82,34.165001,32.111942,87106400
2/27/2017,34.285,34.360001,34.07,34.232498,32.1754,81029600
2/28/2017,34.27,34.360001,34.174999,34.247501,32.189487,93931600
3/1/2017,34.4725,35.037498,34.400002,34.947498,32.847427,145658400
3/2/2017,35,35.07,34.689999,34.740002,32.652401,104844000
3/3/2017,34.695,34.9575,34.647499,34.945,32.845081,84432400
3/6/2017,34.842499,34.942501,34.650002,34.834999,32.741692,87000000
3/7/2017,34.764999,34.994999,34.697498,34.880001,32.783985,69785200
3/8/2017,34.737499,34.950001,34.705002,34.75,32.661793,74828800
3/9/2017,34.685001,34.697498,34.262501,34.669998,32.586586,88623600
3/10/2017,34.8125,34.84,34.66,34.785,32.694687,78451200
3/13/2017,34.712502,34.857498,34.705002,34.799999,32.70879,69686800
3/14/2017,34.825001,34.912498,34.709999,34.747501,32.659451,61236400
3/15/2017,34.852501,35.1875,34.7575,35.115002,33.00486,102767200
3/16/2017,35.18,35.255001,35.064999,35.172501,33.058907,76928000
3/17/2017,35.25,35.25,34.9725,34.997501,32.894428,175540000
3/20/2017,35.099998,35.375,35.057499,35.365002,33.239838,86168000
3/21/2017,35.5275,35.700001,34.932499,34.959999,32.859177,158119600
3/22/2017,34.962502,35.400002,34.939999,35.355,33.230438,103440800
3/23/2017,35.314999,35.395,35.1525,35.23,33.112953,81385200
3/24/2017,35.375,35.435001,35.087502,35.16,33.047153,89582400
3/27/2017,34.8475,35.305,34.654999,35.220001,33.103554,94300400
3/28/2017,35.227501,36.009998,35.154999,35.950001,33.789688,133499200
3/29/2017,35.919998,36.122501,35.797501,36.029999,33.864883,116760000
3/30/2017,36.047501,36.125,35.875,35.982498,33.820236,84829200
3/31/2017,35.93,36.067501,35.752499,35.915001,33.756794,78646800
4/3/2017,35.927502,36.029999,35.762501,35.924999,33.766197,79942800
4/4/2017,35.8125,36.2225,35.7925,36.192501,34.01762,79565600
4/5/2017,36.055,36.365002,35.952499,36.005001,33.841377,110871600
4/6/2017,36.072498,36.130001,35.862499,35.915001,33.756794,84596000
4/7/2017,35.932499,36.044998,35.817501,35.834999,33.681595,66688800
4/10/2017,35.900002,35.970001,35.724998,35.7925,33.641651,75733600
4/11/2017,35.735001,35.837502,35.014999,35.407501,33.279781,121517600
4/12/2017,35.400002,35.537498,35.252499,35.450001,33.319725,81400000
4/13/2017,35.477501,35.595001,35.262501,35.262501,33.143501,71291600
4/17/2017,35.369999,35.470001,35.217499,35.4575,33.326786,66328400
4/18/2017,35.352501,35.509998,35.2775,35.299999,33.178745,58790000
4/19/2017,35.470001,35.5,35.112499,35.169998,33.056557,69313600
4/20/2017,35.305,35.73,35.290001,35.610001,33.470123,93278400
4/21/2017,35.610001,35.669998,35.462502,35.567501,33.43018,69283600
4/24/2017,35.875,35.987499,35.794998,35.91,33.75209,68537200
4/25/2017,35.977501,36.224998,35.967499,36.1325,33.96122,75486000
4/26/2017,36.1175,36.150002,35.845001,35.919998,33.761482,80164800
4/27/2017,35.98,36.040001,35.827499,35.947498,33.787342,56985200
4/28/2017,36.022499,36.075001,35.817501,35.912498,33.75444,83441600
5/1/2017,36.275002,36.799999,36.240002,36.645,34.442917,134411600
5/2/2017,36.884998,37.022499,36.709999,36.877499,34.661449,181408800
5/3/2017,36.397499,36.872501,36.067501,36.764999,34.555706,182788000
5/4/2017,36.630001,36.785,36.452499,36.6325,34.431164,93487600
5/5/2017,36.689999,37.244999,36.689999,37.240002,35.002178,109310800
5/8/2017,37.2575,38.424999,37.2575,38.252499,35.953823,195009600
5/9/2017,38.467499,38.720001,38.362499,38.497501,36.184101,156521600
5/10/2017,38.407501,38.485001,38.0275,38.314999,36.012566,103222800
5/11/2017,38.112499,38.517502,38.077499,38.487499,36.32402,109020400
5/12/2017,38.674999,39.105,38.6675,39.025002,36.831306,130108000
5/15/2017,39.002499,39.162498,38.762501,38.924999,36.736923,104038800
5/16/2017,38.985001,39.014999,38.68,38.8675,36.682652,80194000
5/17/2017,38.400002,38.642502,37.427502,37.5625,35.451008,203070800
5/18/2017,37.817501,38.334999,37.782501,38.134998,35.991333,134272800
5/19/2017,38.345001,38.494999,38.157501,38.264999,36.114017,107843200
5/22/2017,38.5,38.645,38.227501,38.497501,36.333458,91865600
5/23/2017,38.724998,38.724998,38.327499,38.450001,36.28862,79675600
5/24/2017,38.459999,38.5425,38.1675,38.334999,36.180088,76712000
5/25/2017,38.432499,38.587502,38.2575,38.467499,36.305153,76942400
5/26/2017,38.5,38.560001,38.327499,38.4025,36.24379,87710400
5/30/2017,38.355,38.607498,38.3325,38.4175,36.257942,80507600
5/31/2017,38.4925,38.5425,38.095001,38.189999,36.043232,97804800
6/1/2017,38.2925,38.3325,38.055,38.294998,36.142345,65616400
6/2/2017,38.395,38.862499,38.2225,38.862499,36.67794,111082800
6/5/2017,38.584999,38.612499,38.365002,38.482498,36.319294,101326800
6/6/2017,38.474998,38.952499,38.445,38.612499,36.441998,106499600
6/7/2017,38.755001,38.994999,38.619999,38.842499,36.659065,84278400
6/8/2017,38.8125,38.884998,38.599998,38.747501,36.569405,85003200
6/9/2017,38.797501,38.797501,36.505001,37.244999,35.151352,259530800
6/12/2017,36.435001,36.522499,35.627499,36.355,34.311398,289229200
6/13/2017,36.790001,36.862499,36.287498,36.647499,34.587437,136661600
6/14/2017,36.875,36.875,35.959999,36.290001,34.250046,126124800
6/15/2017,35.830002,36.119999,35.552502,36.072498,34.044777,128661600
6/16/2017,35.945,36.125,35.549999,35.567501,33.568161,201444400
6/19/2017,35.915001,36.685001,35.915001,36.584999,34.528454,130165600
6/20/2017,36.717499,36.717499,36.235001,36.252499,34.214649,99600400
6/21/2017,36.380001,36.517502,36.1525,36.467499,34.417557,85063200
6/22/2017,36.442501,36.674999,36.279999,36.407501,34.360939,76425200
6/23/2017,36.282501,36.790001,36.2775,36.57,34.514305,141757600
6/26/2017,36.7925,37.07,36.345001,36.455002,34.405773,102769600
6/27/2017,36.252499,36.540001,35.904999,35.932499,33.912643,99047600
6/28/2017,36.122501,36.5275,35.790001,36.4575,34.408134,88329600
6/29/2017,36.177502,36.282501,35.57,35.919998,33.900837,125997600
6/30/2017,36.112499,36.240002,35.945,36.005001,33.981056,92096400
7/3/2017,36.220001,36.325001,35.775002,35.875,33.858372,57111200
7/5/2017,35.922501,36.197498,35.68,36.022499,33.997585,86278400
7/6/2017,35.755001,35.875,35.602501,35.682499,33.676701,96515200
7/7/2017,35.724998,36.1875,35.724998,36.044998,34.018814,76806800
7/10/2017,36.0275,36.487499,35.842499,36.264999,34.226456,84362400
7/11/2017,36.182499,36.462502,36.095001,36.3825,34.337337,79127200
7/12/2017,36.467499,36.544998,36.205002,36.435001,34.386898,99538000
7/13/2017,36.375,37.122501,36.360001,36.942501,34.865856,100797600
7/14/2017,36.9925,37.3325,36.8325,37.259998,35.165516,80528400
7/17/2017,37.205002,37.724998,37.142502,37.389999,35.288216,95174000
7/18/2017,37.299999,37.532501,37.1675,37.52,35.410904,71475200
7/19/2017,37.619999,37.855,37.487499,37.755001,35.632702,83692000
7/20/2017,37.875,37.935001,37.547501,37.584999,35.472256,68974800
7/21/2017,37.497501,37.610001,37.220001,37.567501,35.45573,105010400
7/24/2017,37.645,38.110001,37.474998,38.022499,35.885155,85972800
7/25/2017,37.950001,38.459999,37.950001,38.185001,36.038525,75415600
7/26/2017,38.337502,38.482498,38.264999,38.365002,36.208408,63124000
7/27/2017,38.4375,38.497501,36.825001,37.639999,35.524151,129905200
7/28/2017,37.4725,37.557499,37.297501,37.375,35.274052,68854800
7/31/2017,37.474998,37.5825,37.032501,37.182499,35.092377,79383600
8/1/2017,37.275002,37.555,37.102501,37.512501,35.403828,141474400
8/2/2017,39.82,39.9375,39.040001,39.285,37.076683,279747200
8/3/2017,39.262501,39.302502,38.755001,38.892502,36.706257,108389200
8/4/2017,39.017502,39.349998,38.922501,39.0975,36.899731,82239600
8/7/2017,39.264999,39.73,39.1675,39.702499,37.470722,87481200
8/8/2017,39.650002,40.4575,39.567501,40.02,37.770367,144823600
8/9/2017,39.814999,40.317501,39.7775,40.264999,38.001591,104526000
8/10/2017,39.974998,40,38.657501,38.830002,36.791172,163217200
8/11/2017,39.150002,39.642502,39.017502,39.369999,37.30283,105028400
8/14/2017,39.830002,40.052502,39.6875,39.962502,37.864212,88490800
8/15/2017,40.165001,40.549999,40.035,40.400002,38.27874,117862000
8/16/2017,40.485001,40.627499,40.037498,40.237499,38.124779,110686400
8/17/2017,40.130001,40.177502,39.459999,39.465,37.392834,111762400
8/18/2017,39.465,39.875,39.18,39.375,37.30756,109712400
8/21/2017,39.375,39.4725,38.7775,39.302502,37.238861,105474000
8/22/2017,39.557499,40,39.505001,39.945,37.84763,86418400
8/23/2017,39.767502,40.1175,39.720001,39.994999,37.895004,77596400
8/24/2017,40.107498,40.185001,39.637501,39.817501,37.726822,79275600
8/25/2017,39.912498,40.139999,39.817501,39.965,37.866577,101920400
8/28/2017,40.035,40.5,39.982498,40.3675,38.247948,103864000
8/29/2017,40.025002,40.779999,40,40.727501,38.589046,118067600
8/30/2017,40.950001,40.9725,40.6525,40.837502,38.693264,109078400
8/31/2017,40.91,41.130001,40.869999,41,38.847233,107140400
9/1/2017,41.200001,41.235001,40.907501,41.012501,38.859081,66364400
9/5/2017,40.9375,41.0625,40.139999,40.52,38.392437,117874000
9/6/2017,40.677502,40.747501,40.130001,40.477501,38.352173,86606800
9/7/2017,40.522499,40.560001,40.09,40.314999,38.198208,87714000
9/8/2017,40.215,40.287498,39.6325,39.657501,37.57523,114446000
9/11/2017,40.125,40.512501,39.9725,40.375,38.255047,126323200
9/12/2017,40.6525,40.990002,39.692501,40.215,38.103455,286856000
9/13/2017,39.967499,39.990002,39.477501,39.912498,37.816833,179629600
9/14/2017,39.747501,39.849998,39.522499,39.57,37.492332,95042800
9/15/2017,39.6175,40.2425,39.5,39.970001,37.871319,196458400
9/18/2017,40.0275,40.125,39.5,39.6675,37.584705,113077600
9/19/2017,39.877499,39.942501,39.610001,39.682499,37.598919,83242400
9/20/2017,39.474998,39.564999,38.4575,39.017502,36.96883,211805600
9/21/2017,38.950001,38.950001,38.1875,38.3475,36.334015,150046800
9/22/2017,37.884998,38.067501,37.639999,37.9725,35.978703,186581600
9/25/2017,37.497501,37.9575,37.290001,37.637501,35.661293,177549200
9/26/2017,37.945,38.48,37.922501,38.285,36.274796,146640000
9/27/2017,38.450001,38.68,38.384998,38.557499,36.532978,102016800
9/28/2017,38.4725,38.57,38.174999,38.32,36.307949,88022000
9/29/2017,38.302502,38.532501,38,38.529999,36.506935,105199200
10/2/2017,38.564999,38.612499,38.18,38.452499,36.433502,74795200
10/3/2017,38.502499,38.772499,38.477501,38.619999,36.592205,64921200
10/4/2017,38.407501,38.465,38.115002,38.369999,36.355335,80655200
10/5/2017,38.544998,38.860001,38.512501,38.8475,36.807755,85135200
10/6/2017,38.7425,38.872501,38.639999,38.825001,36.786442,69630400
10/9/2017,38.952499,39.182499,38.872501,38.959999,36.914356,65051600
10/10/2017,39.014999,39.5,38.775002,38.974998,36.928555,62468000
10/11/2017,38.9925,39.244999,38.9375,39.137501,37.082527,67622400
10/12/2017,39.087502,39.342499,38.932499,39,36.952248,64500400
10/13/2017,39.182499,39.32,39.102501,39.247501,37.186756,65576800
10/16/2017,39.474998,40,39.412498,39.970001,37.871319,96486000
10/17/2017,39.945,40.217499,39.807499,40.1175,38.01107,75989200
10/18/2017,40.105,40.177502,39.900002,39.939999,37.842896,65496800
10/19/2017,39.1875,39.27,38.755001,38.994999,36.947521,170336800
10/20/2017,39.1525,39.4375,38.990002,39.0625,37.011475,95896400
10/23/2017,39.2225,39.422501,38.875,39.0425,36.992516,87937200
10/24/2017,39.072498,39.355,39.049999,39.275002,37.212814,71028800
10/25/2017,39.227501,39.387501,38.817501,39.102501,37.049374,84828400
10/26/2017,39.307499,39.4575,39.195,39.352501,37.28624,68002000
10/27/2017,39.822498,40.900002,39.674999,40.762501,38.622211,177816800
10/30/2017,40.9725,42.017502,40.93,41.68,39.491531,178803200
10/31/2017,41.974998,42.412498,41.735001,42.259998,40.041084,144187200
11/1/2017,42.467499,42.485001,41.4025,41.7225,39.531792,134551200
11/2/2017,41.650002,42.125,41.32,42.0275,39.820782,165573600
11/3/2017,43.5,43.564999,42.779999,43.125,40.860653,237594400
11/6/2017,43.092499,43.747501,42.93,43.5625,41.275188,140105200
11/7/2017,43.477501,43.8125,43.400002,43.702499,41.407841,97446000
11/8/2017,43.665001,44.060001,43.5825,44.060001,41.746574,97638000
11/9/2017,43.7775,44.025002,43.285,43.970001,41.661297,117930400
11/10/2017,43.7775,43.845001,43.567501,43.6675,41.523418,100582000
11/13/2017,43.375,43.625,43.349998,43.4925,41.356998,67928400
11/14/2017,43.259998,43.369999,42.794998,42.834999,40.7318,99130000
11/15/2017,42.4925,42.580002,42.095001,42.27,40.194538,116632400
11/16/2017,42.794998,42.967499,42.575001,42.775002,40.674736,94550000
11/17/2017,42.759998,42.8475,42.41,42.537498,40.448898,87598000
11/20/2017,42.572498,42.639999,42.389999,42.494999,40.408482,65049600
11/21/2017,42.695,43.424999,42.695,43.285,41.159687,100525200
11/22/2017,43.34,43.75,43.262501,43.740002,41.59235,102355600
11/24/2017,43.775002,43.875,43.662498,43.7425,41.594734,56106800
11/27/2017,43.762501,43.77,43.334999,43.522499,41.385525,82867200
11/28/2017,43.575001,43.717499,42.965,43.267502,41.143051,105715200
11/29/2017,43.157501,43.23,41.790001,42.369999,40.289616,166665600
11/30/2017,42.607498,43.035,42.110001,42.962502,40.853027,166108800
12/1/2017,42.487499,42.9175,42.125,42.762501,40.662846,159037200
12/4/2017,43.119999,43.154999,42.407501,42.450001,40.365688,130169600
12/5/2017,42.264999,42.880001,42.099998,42.41,40.32766,109400800
12/6/2017,41.875,42.549999,41.615002,42.252499,40.177883,114240000
12/7/2017,42.2575,42.610001,42.227501,42.330002,40.251583,102693200
12/8/2017,42.622501,42.75,42.205002,42.342499,40.263462,93420800
12/11/2017,42.299999,43.2225,42.197498,43.1675,41.047962,141095200
12/12/2017,43.037498,43.0975,42.865002,42.924999,40.817364,77636800
12/13/2017,43.125,43.384998,43,43.067501,40.952877,95273600
12/14/2017,43.099998,43.282501,42.912498,43.055,40.940994,81906000
12/15/2017,43.407501,43.5425,43.115002,43.4925,41.356998,160677200
12/18/2017,43.720001,44.299999,43.715,44.105,41.93943,117684400
12/19/2017,43.7575,43.8475,43.522499,43.634998,41.492508,109745600
12/20/2017,43.717499,43.855,43.3125,43.587502,41.447346,93902400
12/21/2017,43.5425,44.005001,43.525002,43.752499,41.604248,83799600
12/22/2017,43.669998,43.855,43.625,43.752499,41.604248,65397600
12/26/2017,42.700001,42.8675,42.419998,42.642502,40.548748,132742000
12/27/2017,42.525002,42.695,42.427502,42.650002,40.55587,85992800
12/28/2017,42.75,42.962502,42.619999,42.77,40.669979,65920800
12/29/2017,42.630001,42.647499,42.305,42.307499,40.230198,103999600
1/2/2018,42.540001,43.075001,42.314999,43.064999,40.950485,102223600
1/3/2018,43.1325,43.637501,42.990002,43.057499,40.943367,118071600
1/4/2018,43.134998,43.3675,43.02,43.2575,41.133541,89738400
1/5/2018,43.360001,43.842499,43.262501,43.75,41.601856,94640000
1/8/2018,43.587502,43.9025,43.482498,43.587502,41.447346,82271200
1/9/2018,43.637501,43.764999,43.352501,43.5825,41.442585,86336000
1/10/2018,43.290001,43.575001,43.25,43.572498,41.433079,95839600
1/11/2018,43.647499,43.872501,43.622501,43.82,41.668423,74670800
1/12/2018,44.044998,44.34,43.912498,44.272499,42.098705,101672400
1/16/2018,44.474998,44.8475,44.035,44.047501,41.88475,118263600
1/17/2018,44.037498,44.8125,43.767502,44.775002,42.576534,137547200
1/18/2018,44.842499,45.025002,44.5625,44.814999,42.614574,124773600
1/19/2018,44.6525,44.895,44.352501,44.615002,42.424393,129700400
1/22/2018,44.325001,44.445,44.150002,44.25,42.077312,108434400
1/23/2018,44.325001,44.860001,44.205002,44.259998,42.086819,130756400
1/24/2018,44.3125,44.325001,43.299999,43.555,41.416447,204420400
1/25/2018,43.627499,43.737499,42.6325,42.7775,40.67712,166116000
1/26/2018,43,43,42.514999,42.877499,40.772202,156572000
1/29/2018,42.540001,42.540001,41.767502,41.990002,39.928284,202561600
1/30/2018,41.3825,41.842499,41.174999,41.7425,39.692924,184192800
1/31/2018,41.717499,42.110001,41.625,41.857498,39.802292,129915600
2/1/2018,41.7925,42.154999,41.689999,41.945,39.885498,188923200
2/2/2018,41.5,41.700001,40.025002,40.125,38.154858,346375200
2/5/2018,39.775002,40.970001,39,39.122501,37.201576,290954000
2/6/2018,38.7075,40.93,38.5,40.7575,38.756302,272975200
2/7/2018,40.772499,40.849998,39.767502,39.884998,37.926632,206434400
2/8/2018,40.072498,40.25,38.7575,38.787498,36.883022,217562000
2/9/2018,39.267502,39.4725,37.560001,39.102501,37.334156,282690400
2/12/2018,39.625,40.9725,39.377499,40.677502,38.837936,243278000
2/13/2018,40.487499,41.1875,40.412498,41.084999,39.227001,130196800
2/14/2018,40.759998,41.884998,40.720001,41.842499,39.950245,162579600
2/15/2018,42.447498,43.272499,42.25,43.247501,41.291695,204588800
2/16/2018,43.09,43.705002,42.942501,43.107498,41.158028,160704400
2/20/2018,43.012501,43.564999,42.855,42.962502,41.019592,135722000
2/21/2018,43.2075,43.529999,42.752499,42.767502,40.83342,149886400
2/22/2018,42.950001,43.487499,42.927502,43.125,41.174744,123967600
2/23/2018,43.4175,43.912498,43.384998,43.875,41.890831,135249600
2/26/2018,44.087502,44.8475,44.052502,44.7425,42.719097,152648800
2/27/2018,44.775002,45.119999,44.540001,44.5975,42.58065,155712400
2/28/2018,44.814999,45.154999,44.512501,44.529999,42.516193,151128400
3/1/2018,44.634998,44.945,43.165001,43.75,41.771477,195208000
3/2/2018,43.200001,44.075001,43.112499,44.052502,42.060303,153816000
3/5/2018,43.802502,44.435001,43.630001,44.205002,42.205914,113605600
3/6/2018,44.477501,44.5625,44.032501,44.1675,42.170097,95154000
3/7/2018,43.735001,43.962502,43.567501,43.7575,41.778641,126814000
3/8/2018,43.869999,44.279999,43.767502,44.235001,42.234547,95096400
3/9/2018,44.490002,45,44.3475,44.994999,42.960171,128740800
3/12/2018,45.072498,45.5975,45.052502,45.43,43.3755,128828400
3/13/2018,45.647499,45.875,44.810001,44.9925,42.95779,126774000
3/14/2018,45.080002,45.130001,44.452499,44.610001,42.59259,117473600
3/15/2018,44.625,45.060001,44.517502,44.662498,42.642708,90975200
3/16/2018,44.662498,44.779999,44.404999,44.505001,42.492332,157618800
3/19/2018,44.330002,44.3675,43.415001,43.825001,41.84309,133787200
3/20/2018,43.810001,44.200001,43.735001,43.810001,41.828762,78597600
3/21/2018,43.759998,43.772499,42.814999,42.817501,40.881153,148219600
3/22/2018,42.5,43.169998,42.150002,42.212502,40.303505,165963200
3/23/2018,42.0975,42.48,41.235001,41.235001,39.370216,164115200
3/26/2018,42.017502,43.275002,41.610001,43.192501,41.239189,150164800
3/27/2018,43.419998,43.787498,41.73,42.084999,40.181778,163690400
3/28/2018,41.8125,42.505001,41.297501,41.619999,39.737797,166674000
3/29/2018,41.952499,42.9375,41.724998,41.945,40.048103,153594000
4/2/2018,41.66,42.235001,41.1175,41.669998,39.785538,150347200
4/3/2018,41.91,42.1875,41.220001,42.0975,40.193703,121112000
4/4/2018,41.220001,43.002499,41.192501,42.9025,40.962307,138422000
4/5/2018,43.145,43.557499,43.02,43.200001,41.246357,107732800
4/6/2018,42.7425,43.119999,42.049999,42.095001,40.191326,140021200
4/9/2018,42.470001,43.272499,42.462502,42.512501,40.589947,116070800
4/10/2018,43.25,43.5,42.8825,43.3125,41.353764,113634400
4/11/2018,43.057499,43.48,42.924999,43.110001,41.160423,89726400
4/12/2018,43.352501,43.75,43.259998,43.535,41.566196,91557200
4/13/2018,43.695,43.959999,43.462502,43.682499,41.707024,100497200
4/16/2018,43.7575,44.047501,43.7075,43.955002,41.967213,86313600
4/17/2018,44.122501,44.735001,44.102501,44.560001,42.544846,106421600
4/18/2018,44.452499,44.705002,44.220001,44.459999,42.449368,83018000
4/19/2018,43.439999,43.8475,43.165001,43.200001,41.246357,139235200
4/20/2018,42.650002,42.805,41.357498,41.43,39.5564,261964400
4/23/2018,41.7075,41.73,41.022499,41.310001,39.441822,146062000
4/24/2018,41.4175,41.5825,40.305,40.735001,38.892818,134768000
4/25/2018,40.654999,41.355,40.602501,40.912498,39.062298,113528400
4/26/2018,41.029999,41.432499,40.842499,41.055,39.198368,111852000
4/27/2018,41,41.0825,40.157501,40.580002,38.744835,142623200
4/30/2018,40.532501,41.814999,40.459999,41.314999,39.446594,169709600
5/1/2018,41.602501,42.299999,41.317501,42.275002,40.363186,214277600
5/2/2018,43.807499,44.4375,43.450001,44.142502,42.146229,266157600
5/3/2018,43.970001,44.375,43.610001,44.2225,42.222618,136272800
5/4/2018,44.5625,46.0625,44.5425,45.9575,43.879147,224805200
5/7/2018,46.294998,46.9175,46.1875,46.290001,44.196613,169805600
5/8/2018,46.247501,46.555,45.9175,46.512501,44.40905,113611200
5/9/2018,46.637501,46.849998,46.305,46.84,44.721741,92844800
5/10/2018,46.935001,47.592499,46.912498,47.509998,45.361435,111957200
5/11/2018,47.372501,47.514999,46.862499,47.147499,45.188911,104848800
5/14/2018,47.252499,47.3825,46.965,47.037498,45.083481,83115200
5/15/2018,46.695,46.767502,46.275002,46.610001,44.67374,94780800
5/16/2018,46.517502,47.115002,46.5,47.044998,45.090672,76732400
5/17/2018,47,47.227501,46.59,46.747501,44.805534,69176000
5/18/2018,46.797501,46.952499,46.532501,46.577499,44.642597,73190800
5/21/2018,47,47.317501,46.727501,46.907501,44.958885,73603200
5/22/2018,47.095001,47.220001,46.695,46.790001,44.846268,60962800
5/23/2018,46.587502,47.125,46.439999,47.09,45.133812,80233600
5/24/2018,47.192501,47.209999,46.552502,47.037498,45.083481,92936000
5/25/2018,47.057499,47.412498,46.912498,47.145,45.18652,69844000
5/29/2018,46.900002,47.1875,46.717499,46.974998,45.023582,90056400
5/30/2018,46.93,47,46.695,46.875,44.927738,74762000
5/31/2018,46.805,47.057499,46.535,46.717499,44.776775,109931200
6/1/2018,46.997501,47.564999,46.9375,47.560001,45.584282,93770000
6/4/2018,47.91,48.355,47.837502,47.9575,45.96526,105064800
6/5/2018,48.267502,48.485001,48.09,48.327499,46.319901,86264000
6/6/2018,48.407501,48.52,47.98,48.494999,46.480438,83734400
6/7/2018,48.535,48.549999,48.084999,48.365002,46.355835,85388800
6/8/2018,47.7925,48,47.442501,47.924999,45.934116,106627200
6/11/2018,47.837502,47.9925,47.552502,47.807499,45.821503,73234000
6/12/2018,47.8475,48.1525,47.787498,48.07,46.073093,67644400
6/13/2018,48.105,48.220001,47.610001,47.674999,45.694504,86553600
6/14/2018,47.887501,47.892502,47.555,47.700001,45.718464,86440400
6/15/2018,47.5075,47.540001,47.064999,47.209999,45.248821,246876800
6/18/2018,46.970001,47.305,46.799999,47.185001,45.224865,73939600
6/19/2018,46.285,46.5825,45.862499,46.422501,44.494041,134314000
6/20/2018,46.587502,46.799999,46.432499,46.625,44.688126,82514800
6/21/2018,46.8125,47.087502,46.235001,46.365002,44.438919,102847600
6/22/2018,46.529999,46.537498,46.174999,46.23,44.309528,108801600
6/25/2018,45.849998,46.23,45.182499,45.5425,43.650589,126652400
6/26/2018,45.747501,46.6325,45.634998,46.107498,44.192116,98276800
6/27/2018,46.307499,46.82,46.0075,46.040001,44.127419,101141200
6/28/2018,46.025002,46.552502,45.950001,46.375,44.448502,69460800
6/29/2018,46.572498,46.797501,45.727501,46.2775,44.355057,90950800
7/2/2018,45.955002,46.825001,45.855,46.794998,44.851059,70925200
7/3/2018,46.947498,46.987499,45.884998,45.98,44.06992,55819200
7/5/2018,46.314999,46.602501,46.07,46.349998,44.424549,66416800
7/6/2018,46.355,47.107498,46.299999,46.9925,45.040359,69940800
7/9/2018,47.375,47.669998,47.325001,47.645,45.665749,79026400
7/10/2018,47.677502,47.82,47.544998,47.587502,45.610634,63756400
7/11/2018,47.125,47.445,46.9025,46.970001,45.018791,75326000
7/12/2018,47.3825,47.852501,47.327499,47.7575,45.773575,72164400
7/13/2018,47.77,47.959999,47.724998,47.8325,45.845463,50055600
7/16/2018,47.880001,48.162498,47.605,47.727501,45.74482,60172400
7/17/2018,47.4375,47.967499,47.299999,47.862499,45.874214,62138000
7/18/2018,47.945,47.950001,47.482498,47.599998,45.622616,65573600
7/19/2018,47.422501,48.137501,47.422501,47.970001,45.977253,81147200
7/20/2018,47.945,48.107498,47.5425,47.860001,45.871822,82704800
7/23/2018,47.669998,47.990002,47.389999,47.9025,45.912556,63957600
7/24/2018,48.112499,48.415001,48.012501,48.25,46.245621,74791600
7/25/2018,48.264999,48.712502,48.107498,48.705002,46.681721,66839600
7/26/2018,48.6525,48.990002,48.4025,48.552502,46.535557,76304000
7/27/2018,48.747501,48.797501,47.525002,47.744999,45.761597,96096000
7/30/2018,47.974998,48.049999,47.267502,47.477501,45.505207,84118000
7/31/2018,47.575001,48.035,47.334999,47.572498,45.596268,157492000
8/1/2018,49.782501,50.439999,49.327499,50.375,48.282345,271742800
8/2/2018,50.145,52.095001,50.087502,51.8475,49.693668,249616000
8/3/2018,51.7575,52.185001,51.369999,51.997501,49.83744,133789600
8/6/2018,52,52.3125,51.767502,52.267502,50.096226,101701600
8/7/2018,52.330002,52.375,51.689999,51.7775,49.626572,102349600
8/8/2018,51.512501,51.952499,51.130001,51.8125,49.660126,90102000
8/9/2018,52.3825,52.445,51.799999,52.220001,50.050686,93970400
8/10/2018,51.84,52.275002,51.6675,51.8825,49.901615,98444800
8/13/2018,52.327499,52.737499,51.924999,52.217499,50.223824,103563600
8/14/2018,52.540001,52.639999,52.064999,52.4375,50.435425,82992000
8/15/2018,52.305,52.685001,52.0825,52.560001,50.553249,115230400
8/16/2018,52.9375,53.452499,52.8675,53.330002,51.29385,114001600
8/17/2018,53.360001,54.487499,53.290001,54.395,52.318188,141708000
8/20/2018,54.525002,54.794998,53.7775,53.865002,51.808426,121150800
8/21/2018,54.200001,54.297501,53.5075,53.759998,51.707432,104639200
8/22/2018,53.525002,54.09,53.459999,53.762501,51.709839,76072400
8/23/2018,53.662498,54.262501,53.650002,53.872501,51.815636,75532800
8/24/2018,54.150002,54.224998,53.7775,54.040001,51.976746,73905600
8/27/2018,54.287498,54.685001,54.0825,54.485001,52.404758,82100400
8/28/2018,54.752499,55.134998,54.73,54.924999,52.82795,91107200
8/29/2018,55.037498,55.872501,54.852501,55.744999,53.616642,109019200
8/30/2018,55.8125,57.064999,55.599998,56.2575,54.109577,195175200
8/31/2018,56.627499,57.217499,56.5,56.907501,54.73476,173360400
9/4/2018,57.102501,57.294998,56.657501,57.09,54.910294,109560400
9/5/2018,57.247501,57.4175,56.275002,56.717499,54.55201,133332000
9/6/2018,56.557499,56.837502,55.325001,55.775002,53.645504,137160000
9/7/2018,55.462502,56.342499,55.177502,55.325001,53.212685,150479200
9/10/2018,55.237499,55.462502,54.1175,54.5825,52.498528,158066000
9/11/2018,54.502499,56.075001,54.139999,55.962502,53.825844,142996000
9/12/2018,56.235001,56.25,54.959999,55.267502,53.157375,197114800
9/13/2018,55.880001,57.087502,55.642502,56.602501,54.44141,166825600
9/14/2018,56.4375,56.709999,55.630001,55.959999,53.823437,127997200
9/17/2018,55.537498,55.737499,54.317501,54.470001,52.39032,148780400
9/18/2018,54.447498,55.462502,54.279999,54.560001,52.476891,126286800
9/19/2018,54.625,54.904999,53.825001,54.592499,52.508144,108495200
9/20/2018,55.060001,55.57,54.787498,55.0075,52.907303,106435200
9/21/2018,55.195,55.34,54.322498,54.415001,52.337429,384986800
9/24/2018,54.205002,55.314999,54.157501,55.197498,53.09005,110773600
9/25/2018,54.9375,55.705002,54.924999,55.547501,53.426689,98217600
9/26/2018,55.25,55.9375,54.939999,55.105,53.001083,95938800
9/27/2018,55.955002,56.610001,55.884998,56.237499,54.090336,120724800
9/28/2018,56.197498,56.459999,56.005001,56.435001,54.2803,91717600
10/1/2018,56.987499,57.355,56.587502,56.814999,54.645782,94403200
10/2/2018,56.8125,57.5,56.657501,57.32,55.131504,99152800
10/3/2018,57.512501,58.3675,57.445,58.017502,55.80238,114619200
10/4/2018,57.695,58.087502,56.682499,56.997501,54.82132,128168000
10/5/2018,56.990002,57.102501,55.145,56.072498,53.931633,134322000
10/8/2018,55.552502,56.200001,55.049999,55.942501,53.80661,118655600
10/9/2018,55.91,56.817501,55.5625,56.717499,54.55201,107564000
10/10/2018,56.365002,56.587502,54.012501,54.09,52.024837,167962400
10/11/2018,53.630001,54.875,53.080002,53.612499,51.565567,212497600
10/12/2018,55.105,55.720001,54.209999,55.5275,53.407444,161351600
10/15/2018,55.290001,55.4575,54.317501,54.34,52.265293,123164000
10/16/2018,54.732498,55.747501,54.189999,55.537498,53.417065,116736000
10/17/2018,55.575001,55.66,54.834999,55.297501,53.186234,91541600
10/18/2018,54.465,54.935001,53.25,54.005001,51.943077,130325200
10/19/2018,54.514999,55.314999,54.357498,54.827499,52.734177,132314800
10/22/2018,54.947498,55.84,54.735001,55.162498,53.056381,115168400
10/23/2018,53.9575,55.8125,53.674999,55.682499,53.556526,155071200
10/24/2018,55.650002,56.057499,53.634998,53.772499,51.71946,163702000
10/25/2018,54.427502,55.345001,54.1875,54.950001,52.852005,119423200
10/26/2018,53.974998,55.047501,53.1675,54.075001,52.010403,189033600
10/29/2018,54.797501,54.922501,51.522499,53.060001,51.034157,183742000
10/30/2018,52.787498,53.794998,52.317501,53.325001,51.289036,146640000
10/31/2018,54.220001,55.112499,54.154999,54.715,52.625965,153435600
11/1/2018,54.762501,55.59,54.202499,55.555,53.433891,233292800
11/2/2018,52.387501,53.412498,51.357498,51.869999,49.889595,365314800
11/5/2018,51.075001,51.0975,49.5425,50.397499,48.473309,264654800
11/6/2018,50.48,51.18,50.422501,50.942501,48.997501,127531600
11/7/2018,51.4925,52.514999,51.032501,52.487499,50.483509,133697600
11/8/2018,52.494999,52.529999,51.6875,52.122501,50.307377,101450400
11/9/2018,51.387501,51.502499,50.5625,51.1175,49.337372,137463200
11/12/2018,49.75,49.962502,48.447498,48.5425,46.852043,204542000
11/13/2018,47.907501,49.294998,47.862499,48.057499,46.383934,187531600
11/14/2018,48.474998,48.619999,46.482498,46.700001,45.073711,243204000
11/15/2018,47.0975,47.9925,46.724998,47.852501,46.186073,185915200
11/16/2018,47.625,48.7425,47.365002,48.3825,46.697613,147713200
11/19/2018,47.5,47.674999,46.247501,46.465,44.846886,167701200
11/20/2018,44.592499,45.3675,43.877499,44.244999,42.704193,271300800
11/21/2018,44.932499,45.067501,44.137501,44.195,42.655941,124496800
11/23/2018,43.735001,44.150002,43.025002,43.072498,41.572525,94496000
11/26/2018,43.560001,43.737499,42.564999,43.654999,42.13475,179994000
11/27/2018,42.877499,43.692501,42.720001,43.560001,42.043056,165549600
11/28/2018,44.182499,45.322498,43.732498,45.235001,43.659725,184250000
11/29/2018,45.665001,45.700001,44.424999,44.887501,43.324329,167080000
11/30/2018,45.072498,45.0825,44.2575,44.645,43.090271,158126000
12/3/2018,46.115002,46.235001,45.302502,46.205002,44.595947,163210000
12/4/2018,45.237499,45.5975,44.067501,44.172501,42.634224,165377200
12/6/2018,42.939999,43.695,42.605,43.68,42.158878,172393600
12/7/2018,43.372501,43.622501,42.075001,42.122501,40.655628,169126400
12/10/2018,41.25,42.522499,40.8325,42.400002,40.92345,248104000
12/11/2018,42.915001,42.947498,41.75,42.157501,40.689396,189126800
12/12/2018,42.599998,42.98,42.255001,42.275002,40.802807,142510800
12/13/2018,42.622501,43.142502,42.387501,42.737499,41.249191,127594400
12/14/2018,42.25,42.27,41.32,41.369999,39.929325,162814800
12/17/2018,41.362499,42.087502,40.682499,40.985001,39.557735,177151600
12/18/2018,41.345001,41.8825,41.0975,41.517502,40.07169,135366000
12/19/2018,41.5,41.862499,39.772499,40.2225,38.821774,196189200
12/20/2018,40.099998,40.5275,38.825001,39.2075,37.842129,259092000
12/21/2018,39.215,39.540001,37.407501,37.682499,36.370239,382978400
12/24/2018,37.037498,37.887501,36.647499,36.7075,35.429188,148676800
12/26/2018,37.075001,39.307499,36.68,39.2925,37.924168,234330000
12/27/2018,38.959999,39.192501,37.517502,39.037498,37.678055,212468400
12/28/2018,39.375,39.630001,38.637501,39.057499,37.69735,169165600
12/31/2018,39.6325,39.84,39.119999,39.435001,38.061699,140014000
1/2/2019,38.7225,39.712502,38.557499,39.48,38.105133,148158800
1/3/2019,35.994999,36.43,35.5,35.547501,34.309578,365248800
1/4/2019,36.1325,37.137501,35.950001,37.064999,35.774239,234428400
1/7/2019,37.174999,37.2075,36.474998,36.982498,35.694611,219111200
1/8/2019,37.389999,37.955002,37.130001,37.6875,36.375057,164101200
1/9/2019,37.822498,38.6325,37.407501,38.327499,36.992771,180396400
1/10/2019,38.125,38.4925,37.715,38.450001,37.111012,143122800
1/11/2019,38.220001,38.424999,37.877499,38.072498,36.746658,108092800
1/14/2019,37.712502,37.817501,37.305,37.5,36.194088,129756800
1/15/2019,37.567501,38.3475,37.512501,38.267502,36.934868,114843600
1/16/2019,38.27,38.970001,38.25,38.735001,37.386086,122278800
1/17/2019,38.549999,39.415001,38.314999,38.965,37.608067,119284800
1/18/2019,39.375,39.470001,38.994999,39.205002,37.839722,135004000
1/22/2019,39.102501,39.182499,38.154999,38.325001,36.99036,121576000
1/23/2019,38.537498,38.785,37.924999,38.48,37.139965,92522400
1/24/2019,38.5275,38.619999,37.935001,38.174999,36.845577,101766000
1/25/2019,38.869999,39.532501,38.580002,39.439999,38.066525,134142000
1/28/2019,38.947498,39.0825,38.415001,39.075001,37.714241,104768400
1/29/2019,39.0625,39.532501,38.5275,38.669998,37.323345,166348800
1/30/2019,40.8125,41.537498,40.057499,41.3125,39.873825,244439200
1/31/2019,41.5275,42.25,41.139999,41.610001,40.160961,162958400
2/1/2019,41.740002,42.244999,41.482498,41.630001,40.180267,130672400
2/4/2019,41.852501,42.915001,41.82,42.8125,41.321587,125982000
2/5/2019,43.215,43.77,43.087502,43.544998,42.028572,144406400
2/6/2019,43.662498,43.892502,43.212502,43.560001,42.043056,112958400
2/7/2019,43.099998,43.485001,42.584999,42.735001,41.246784,126966800
2/8/2019,42.247501,42.665001,42.105,42.602501,41.29525,95280000
2/11/2019,42.762501,42.802502,42.3125,42.357498,41.05777,83973600
2/12/2019,42.525002,42.75,42.424999,42.7225,41.411564,89134000
2/13/2019,42.8475,43.119999,42.48,42.544998,41.239513,89960800
2/14/2019,42.427502,42.814999,42.345001,42.700001,41.389751,87342800
2/15/2019,42.8125,42.924999,42.4375,42.605,41.297676,98507200
2/19/2019,42.427502,42.860001,42.372501,42.732498,41.421257,75891200
2/20/2019,42.797501,43.330002,42.747501,43.0075,41.68782,104457600
2/21/2019,42.950001,43.092499,42.575001,42.764999,41.452766,68998800
2/22/2019,42.895,43.25,42.845001,43.2425,41.915615,75652800
2/25/2019,43.540001,43.967499,43.487499,43.557499,42.22094,87493600
2/26/2019,43.427502,43.825001,43.2925,43.5825,42.245182,68280800
2/27/2019,43.302502,43.75,43.182499,43.717499,42.37603,111341600
2/28/2019,43.580002,43.727501,43.23,43.287498,41.959232,112861600
3/1/2019,43.57,43.787498,43.2225,43.7425,42.400269,103544800
3/4/2019,43.922501,44.4375,43.4925,43.962502,42.613518,109744800
3/5/2019,43.985001,44,43.634998,43.8825,42.535976,78949600
3/6/2019,43.6675,43.872501,43.485001,43.630001,42.291222,83241600
3/7/2019,43.467499,43.610001,43.005001,43.125,41.801716,99185600
3/8/2019,42.580002,43.267502,42.375,43.227501,41.901073,95997600
3/11/2019,43.872501,44.779999,43.837502,44.724998,43.352623,128044000
3/12/2019,45,45.6675,44.842499,45.227501,43.839703,129870400
3/13/2019,45.5625,45.825001,45.23,45.427502,44.033566,124130000
3/14/2019,45.974998,46.025002,45.639999,45.932499,44.523075,94318000
3/15/2019,46.212502,46.8325,45.935001,46.529999,45.102242,156171600
3/18/2019,46.450001,47.0975,46.447498,47.005001,45.562664,104879200
3/19/2019,47.087502,47.247501,46.48,46.6325,45.201584,126585600
3/20/2019,46.557499,47.372501,46.182499,47.040001,45.596588,124140800
3/21/2019,47.505001,49.0825,47.452499,48.772499,47.275925,204136800
3/22/2019,48.834999,49.422501,47.695,47.762501,46.296909,169630800
3/25/2019,47.877499,47.994999,46.650002,47.185001,45.737137,175381200
3/26/2019,47.915001,48.220001,46.145,46.697498,45.264595,199202000
3/27/2019,47.1875,47.439999,46.637501,47.1175,45.671711,119393600
3/28/2019,47.237499,47.389999,46.8825,47.18,45.732292,83121600
3/29/2019,47.4575,47.52,47.134998,47.487499,46.030354,94256000
4/1/2019,47.91,47.919998,47.095001,47.810001,46.34296,111448000
4/2/2019,47.772499,48.615002,47.762501,48.505001,47.016632,91062800
4/3/2019,48.3125,49.125,48.287498,48.837502,47.33894,93087200
4/4/2019,48.697498,49.092499,48.285,48.922501,47.421318,76457200
4/5/2019,49.112499,49.275002,48.982498,49.25,47.738773,74106400
4/8/2019,49.105,50.057499,49.084999,50.025002,48.489994,103526800
4/9/2019,50.080002,50.712502,49.807499,49.875,48.344601,143072800
4/10/2019,49.669998,50.185001,49.544998,50.154999,48.616001,86781200
4/11/2019,50.212502,50.25,49.610001,49.737499,48.211319,83603200
4/12/2019,49.799999,50.035,49.052502,49.717499,48.191925,111042800
4/15/2019,49.645,49.962502,49.502499,49.807499,48.279171,70146400
4/16/2019,49.865002,50.342499,49.639999,49.8125,48.284008,102785600
4/17/2019,49.884998,50.845001,49.6525,50.782501,49.224251,115627200
4/18/2019,50.779999,51.037498,50.630001,50.965,49.401146,96783200
4/22/2019,50.7075,51.235001,50.584999,51.1325,49.563511,77758000
4/23/2019,51.107498,51.9375,50.974998,51.869999,50.27837,93292000
4/24/2019,51.84,52.119999,51.762501,51.790001,50.200836,70162400
4/25/2019,51.7075,51.939999,51.279999,51.32,49.745255,74172800
4/26/2019,51.224998,51.25,50.529999,51.075001,49.507771,74596400
4/29/2019,51.099998,51.4925,50.965,51.1525,49.582897,88818800
4/30/2019,50.764999,50.849998,49.7775,50.1675,48.62812,186139600
5/1/2019,52.470001,53.827499,52.307499,52.630001,51.015064,259309200
5/2/2019,52.459999,53.162498,52.032501,52.287498,50.683071,127985200
5/3/2019,52.7225,52.959999,52.557499,52.9375,51.313126,83569600
5/6/2019,51.072498,52.209999,50.875,52.119999,50.520714,129772400
5/7/2019,51.470001,51.855,50.2075,50.715,49.158821,155054800
5/8/2019,50.474998,51.334999,50.4375,50.724998,49.168518,105358000
5/9/2019,50.099998,50.419998,49.165001,50.18,48.640236,139634400
5/10/2019,49.355,49.712502,48.192501,49.294998,47.9664,164834800
5/13/2019,46.927502,47.369999,45.712502,46.43,45.178619,229722400
5/14/2019,46.602501,47.424999,46.352501,47.165001,45.89381,146118800
5/15/2019,46.567501,47.9375,46.505001,47.73,46.443581,106178800
5/16/2019,47.477501,48.1175,47.209999,47.52,46.239243,132125600
5/17/2019,46.732498,47.724998,46.689999,47.25,45.976524,131516400
5/20/2019,45.880001,46.087502,45.07,45.772499,44.538841,154449200
5/21/2019,46.305,47,46.174999,46.650002,45.392693,113459200
5/22/2019,46.165001,46.427502,45.637501,45.695,44.463432,118994400
5/23/2019,44.950001,45.134998,44.452499,44.915001,43.704449,146118800
5/24/2019,45.049999,45.535,44.654999,44.7425,43.536606,94858800
5/28/2019,44.73,45.147499,44.477501,44.557499,43.35659,111792800
5/29/2019,44.105,44.837502,44,44.345001,43.149811,113924800
5/30/2019,44.487499,44.807499,44.1675,44.575001,43.373611,84873600
5/31/2019,44.057499,44.497501,43.747501,43.767502,42.587879,108174400
6/3/2019,43.900002,44.48,42.567501,43.325001,42.157303,161584400
6/4/2019,43.860001,44.9575,43.630001,44.91,43.699589,123872000
6/5/2019,46.07,46.247501,45.285,45.634998,44.405052,119093600
6/6/2019,45.77,46.3675,45.537498,46.305,45.056988,90105200
6/7/2019,46.627499,47.98,46.442501,47.537498,46.256268,122737600
6/10/2019,47.952499,48.842499,47.904999,48.145,46.847397,104883600
6/11/2019,48.715,49,48.400002,48.702499,47.389874,107731600
6/12/2019,48.487499,48.9925,48.3475,48.547501,47.239044,73012800
6/13/2019,48.674999,49.197498,48.400002,48.537498,47.229321,86698400
6/14/2019,47.887501,48.397499,47.575001,48.185001,46.886318,75046000
6/17/2019,48.224998,48.740002,48.0425,48.4725,47.166073,58676400
6/18/2019,49.012501,50.072498,48.802502,49.612499,48.275349,106204000
6/19/2019,49.919998,49.970001,49.327499,49.467499,48.134251,84496800
6/20/2019,50.092499,50.1525,49.5075,49.865002,48.521042,86056000
6/21/2019,49.700001,50.212502,49.537498,49.695,48.355621,191202400
6/24/2019,49.634998,50.040001,49.5425,49.645,48.306965,72881600
6/25/2019,49.607498,49.814999,48.822498,48.892502,47.574753,84281200
6/26/2019,49.442501,50.247501,49.337502,49.950001,48.603752,104270000
6/27/2019,50.072498,50.392502,49.892502,49.935001,48.589153,83598800
6/28/2019,49.669998,49.875,49.262501,49.48,48.146412,124442400
7/1/2019,50.7925,51.122501,50.162498,50.387501,49.029465,109012000
7/2/2019,50.352501,50.782501,50.34,50.682499,49.316502,67740800
7/3/2019,50.82,51.110001,50.672501,51.102501,49.725189,45448000
7/5/2019,50.837502,51.27,50.724998,51.057499,49.6814,69062000
7/8/2019,50.202499,50.349998,49.602501,50.005001,48.657265,101354400
7/9/2019,49.799999,50.377499,49.702499,50.310001,48.954048,82312000
7/10/2019,50.462502,50.932499,50.389999,50.807499,49.438133,71588400
7/11/2019,50.827499,51.0975,50.427502,50.4375,49.078106,80767200
7/12/2019,50.612499,51,50.549999,50.825001,49.45517,70380800
7/15/2019,51.022499,51.467499,51,51.302502,49.919804,67789600
7/16/2019,51.147499,51.5275,50.875,51.125,49.747078,67467200
7/17/2019,51.012501,51.272499,50.817501,50.837502,49.467335,56430000
7/18/2019,51,51.470001,50.924999,51.415001,50.029263,74162400
7/19/2019,51.447498,51.625,50.59,50.647499,49.282448,83717200
7/22/2019,50.912498,51.807499,50.9025,51.805,50.408756,89111600
7/23/2019,52.115002,52.227501,51.822498,52.209999,50.802837,73420800
7/24/2019,51.9175,52.287498,51.7925,52.1675,50.761486,59966400
7/25/2019,52.2225,52.310001,51.682499,51.755001,50.360104,55638400
7/26/2019,51.869999,52.432499,51.785,51.935001,50.535248,70475600
7/29/2019,52.115002,52.66,52.110001,52.419998,51.007172,86693600
7/30/2019,52.189999,52.540001,51.827499,52.195,50.788239,135742800
7/31/2019,54.105,55.342499,52.825001,53.259998,51.824535,277125600
8/1/2019,53.474998,54.5075,51.685001,52.107498,50.703098,216071600
8/2/2019,51.3825,51.607498,50.407501,51.005001,49.630325,163448400
8/5/2019,49.497501,49.662498,48.145,48.334999,47.032272,209572000
8/6/2019,49.077499,49.517502,48.509998,49.25,47.922615,143299200
8/7/2019,48.852501,49.889999,48.455002,49.759998,48.418865,133457600
8/8/2019,50.049999,50.8825,49.8475,50.857498,49.48679,108038000
8/9/2019,50.325001,50.689999,49.822498,50.247501,49.078999,98478800
8/12/2019,49.904999,50.512501,49.787498,50.119999,48.954464,89927600
8/13/2019,50.255001,53.035,50.119999,52.2425,51.027603,188874000
8/14/2019,50.790001,51.610001,50.647499,50.6875,49.50877,146189600
8/15/2019,50.865002,51.285,49.9175,50.435001,49.262135,108909600
8/16/2019,51.07,51.790001,50.959999,51.625,50.424461,110481600
8/19/2019,52.654999,53.182499,52.5075,52.587502,51.364586,97654400
8/20/2019,52.720001,53.337502,52.580002,52.59,51.367031,107537200
8/21/2019,53.247501,53.412498,52.900002,53.16,51.923763,86141600
8/22/2019,53.297501,53.610001,52.6875,53.115002,51.879814,89014800
8/23/2019,52.357498,53.012501,50.25,50.66,49.481907,187272000
8/26/2019,51.465,51.797501,51.264999,51.622501,50.422024,104174400
8/27/2019,51.965,52.137501,50.8825,51.040001,49.853062,103493200
8/28/2019,51.025002,51.43,50.830002,51.3825,50.187611,63755200
8/29/2019,52.125,52.330002,51.665001,52.252499,51.037369,83962000
8/30/2019,52.540001,52.612499,51.799999,52.185001,50.971439,84573600
9/3/2019,51.607498,51.744999,51.055,51.424999,50.229118,80092000
9/4/2019,52.0975,52.369999,51.830002,52.297501,51.081322,76752400
9/5/2019,53,53.4925,52.877499,53.32,52.08004,95654800
9/6/2019,53.512501,53.605,53.127499,53.314999,52.075165,77449200
9/9/2019,53.709999,54.110001,52.767502,53.5425,52.297371,109237600
9/10/2019,53.465,54.195,52.927502,54.174999,52.915161,127111600
9/11/2019,54.517502,55.927502,54.432499,55.897499,54.597603,177158400
9/12/2019,56.200001,56.605,55.715,55.772499,54.475513,128906800
9/13/2019,55,55.197498,54.255001,54.6875,53.415741,159053200
9/16/2019,54.432499,55.032501,54.389999,54.974998,53.696556,84632400
9/17/2019,54.990002,55.205002,54.779999,55.174999,53.891911,73274800
9/18/2019,55.264999,55.712502,54.860001,55.692501,54.397377,101360000
9/19/2019,55.502499,55.939999,55.092499,55.240002,53.955399,88242400
9/20/2019,55.345001,55.639999,54.3675,54.432499,53.166676,221652400
9/23/2019,54.737499,54.959999,54.412498,54.68,53.408421,76662000
9/24/2019,55.2575,55.622501,54.297501,54.419998,53.154461,124763200
9/25/2019,54.637501,55.375,54.285,55.2575,53.972488,87613600
9/26/2019,55,55.235001,54.7075,54.9725,53.694115,75334000
9/27/2019,55.134998,55.240002,54.32,54.705002,53.432838,101408000
9/30/2019,55.224998,56.145,55.197498,55.9925,54.690399,103909600
10/1/2019,56.267502,57.055,56.049999,56.147499,54.841797,139223200
10/2/2019,55.764999,55.895,54.482498,54.740002,53.46703,138449200
10/3/2019,54.607498,55.240002,53.782501,55.205002,53.921219,114426000
10/4/2019,56.41,56.872501,55.9725,56.752499,55.432724,138478800
10/7/2019,56.567501,57.482498,56.459999,56.764999,55.444927,122306000
10/8/2019,56.455002,57.014999,56.0825,56.099998,54.795395,111820000
10/9/2019,56.7575,56.947498,56.41,56.7575,55.437603,74770400
10/10/2019,56.982498,57.610001,56.825001,57.522499,56.184818,113013600
10/11/2019,58.237499,59.41,58.077499,59.052502,57.679237,166795600
10/14/2019,58.724998,59.532501,58.6675,58.967499,57.596218,96427600
10/15/2019,59.0975,59.412498,58.720001,58.830002,57.461914,87360000
10/16/2019,58.342499,58.810001,58.299999,58.592499,57.229939,73903200
10/17/2019,58.772499,59.037498,58.380001,58.82,57.452141,67585200
10/18/2019,58.647499,59.395,58.572498,59.102501,57.728081,97433600
10/21/2019,59.380001,60.247501,59.330002,60.127499,58.729237,87247200
10/22/2019,60.290001,60.549999,59.904999,59.990002,58.594936,82293600
10/23/2019,60.525002,60.810001,60.305,60.794998,59.38121,75828800
10/24/2019,61.127499,61.200001,60.452499,60.895,59.478893,69275200
10/25/2019,60.790001,61.682499,60.720001,61.645,60.211456,73477200
10/28/2019,61.855,62.3125,61.68,62.262501,60.81459,96572800
10/29/2019,62.2425,62.4375,60.642502,60.822498,59.408077,142839600
10/30/2019,61.189999,61.325001,60.302502,60.814999,59.400753,124522000
10/31/2019,61.810001,62.2925,59.314999,62.189999,60.743778,139162000
11/1/2019,62.384998,63.982498,62.290001,63.955002,62.467728,151125200
11/4/2019,64.332497,64.462502,63.845001,64.375,62.877956,103272000
11/5/2019,64.262497,64.547501,64.080002,64.282501,62.787617,79897600
11/6/2019,64.192497,64.372498,63.842499,64.309998,62.814468,75864400
11/7/2019,64.684998,65.087502,64.527496,64.857498,63.53944,94940400
11/8/2019,64.672501,65.110001,64.212502,65.035004,63.713326,69986400
11/11/2019,64.574997,65.6175,64.57,65.550003,64.217857,81821200
11/12/2019,65.387497,65.697502,65.230003,65.489998,64.159081,87388800
11/13/2019,65.282501,66.195,65.267502,66.1175,64.773834,102734400
11/14/2019,65.9375,66.220001,65.525002,65.660004,64.32563,89182800
11/15/2019,65.919998,66.445,65.752502,66.440002,65.089775,100206400
11/18/2019,66.449997,66.857498,66.057503,66.775002,65.417953,86703200
11/19/2019,66.974998,67,66.347504,66.572502,65.219589,76167200
11/20/2019,66.385002,66.519997,65.099998,65.797501,64.460327,106234400
11/21/2019,65.922501,66.002502,65.294998,65.502502,64.171326,121395200
11/22/2019,65.647499,65.794998,65.209999,65.445,64.115005,65325200
11/25/2019,65.677498,66.610001,65.629997,66.592499,65.239182,84020400
11/26/2019,66.735001,66.790001,65.625,66.072502,64.729744,105207600
11/27/2019,66.394997,66.995003,66.327499,66.959999,65.599213,65235600
11/29/2019,66.650002,67,66.474998,66.8125,65.454712,46617600
12/2/2019,66.817497,67.0625,65.862503,66.040001,64.697899,94487200
12/3/2019,64.577499,64.8825,64.072502,64.862503,63.544338,114430400
12/4/2019,65.267502,65.827499,65.169998,65.434998,64.105202,67181600
12/5/2019,65.947502,66.472504,65.682503,66.394997,65.045685,74424400
12/6/2019,66.870003,67.75,66.824997,67.677498,66.302116,106075600
12/9/2019,67.5,67.699997,66.227501,66.730003,65.373886,128042400
12/10/2019,67.150002,67.517502,66.464996,67.120003,65.755966,90420400
12/11/2019,67.202499,67.775002,67.125,67.692497,66.316818,78756800
12/12/2019,66.945,68.139999,66.830002,67.864998,66.485825,137310400
12/13/2019,67.864998,68.824997,67.732498,68.787498,67.389565,133587600
12/16/2019,69.25,70.197502,69.245003,69.964996,68.543129,128186000
12/17/2019,69.892502,70.442497,69.699997,70.102501,68.677841,114158400
12/18/2019,69.949997,70.474998,69.779999,69.934998,68.513741,116028400
12/19/2019,69.875,70.294998,69.737503,70.004997,68.582321,98369200
12/20/2019,70.557503,70.662498,69.639999,69.860001,68.440277,275978000
12/23/2019,70.1325,71.0625,70.092499,71,69.557121,98572000
12/24/2019,71.172501,71.222504,70.730003,71.067497,69.623222,48478800
12/26/2019,71.205002,72.495003,71.175003,72.477501,71.004578,93121200
12/27/2019,72.779999,73.4925,72.029999,72.449997,70.977638,146266000
12/30/2019,72.364998,73.172501,71.305,72.879997,71.398911,144114400
12/31/2019,72.482498,73.419998,72.379997,73.412498,71.92057,100805600
1/2/2020,74.059998,75.150002,73.797501,75.087502,73.561531,135480400
1/3/2020,74.287498,75.144997,74.125,74.357498,72.846375,146322800
1/6/2020,73.447502,74.989998,73.1875,74.949997,73.426826,118387200
1/7/2020,74.959999,75.224998,74.370003,74.597504,73.081497,108872000
1/8/2020,74.290001,76.110001,74.290001,75.797501,74.257118,132079200
1/9/2020,76.809998,77.607498,76.550003,77.407501,75.834389,170108400
1/10/2020,77.650002,78.167503,77.0625,77.582497,76.005836,140644800
1/13/2020,77.910004,79.267502,77.787498,79.239998,77.629646,121532000
1/14/2020,79.175003,79.392502,78.042503,78.169998,76.581398,161954400
1/15/2020,77.962502,78.875,77.387497,77.834999,76.253212,121923600
1/16/2020,78.397499,78.925003,78.022499,78.809998,77.208382,108829200
1/17/2020,79.067497,79.684998,78.75,79.682503,78.063164,137816400
1/21/2020,79.297501,79.754997,79,79.142502,77.534126,110843200
1/22/2020,79.644997,79.997498,79.327499,79.425003,77.81089,101832400
1/23/2020,79.480003,79.889999,78.912498,79.807503,78.185616,104472000
1/24/2020,80.0625,80.832497,79.379997,79.577499,77.960297,146537600
1/27/2020,77.514999,77.942497,76.220001,77.237503,75.667839,161940000
1/28/2020,78.150002,79.599998,78.047501,79.422501,77.808441,162234000
1/29/2020,81.112503,81.962502,80.345001,81.084999,79.437157,216229200
1/30/2020,80.135002,81.022499,79.6875,80.967499,79.322029,126743200
1/31/2020,80.232498,80.669998,77.072502,77.377502,75.805008,199588400
2/3/2020,76.074997,78.372498,75.555,77.165001,75.596817,173788400
2/4/2020,78.827499,79.910004,78.407501,79.712502,78.092545,136616400
2/5/2020,80.879997,81.190002,79.737503,80.362503,78.72934,118826800
2/6/2020,80.642502,81.305,80.065002,81.302498,79.65023,105425600
2/7/2020,80.592499,80.849998,79.5,80.0075,78.567574,117684000
2/10/2020,78.544998,80.387497,78.462502,80.387497,78.940727,109348800
2/11/2020,80.900002,80.974998,79.677498,79.902496,78.46447,94323200
2/12/2020,80.3675,81.805,80.3675,81.800003,80.327827,113730400
2/13/2020,81.047501,81.555,80.837502,81.217499,79.755798,94747600
2/14/2020,81.184998,81.495003,80.712502,81.237503,79.775436,80113600
2/18/2020,78.839996,79.9375,78.652496,79.75,78.314705,152531200
2/19/2020,80,81.142502,80,80.904999,79.448906,93984000
2/20/2020,80.657501,81.162498,79.552498,80.074997,78.63385,100566000
2/21/2020,79.654999,80.112503,77.625,78.262497,76.853981,129554000
2/24/2020,74.315002,76.044998,72.307503,74.544998,73.203377,222195200
2/25/2020,75.237503,75.6325,71.532501,72.019997,70.723808,230673600
2/26/2020,71.6325,74.470001,71.625,73.162498,71.845757,198054800
2/27/2020,70.275002,71.5,68.239998,68.379997,67.149323,320605600
2/28/2020,64.315002,69.602501,64.092499,68.339996,67.110046,426510000
3/2/2020,70.57,75.360001,69.43,74.702499,73.358055,341397200
3/3/2020,75.917503,76,71.449997,72.330002,71.028252,319475600
3/4/2020,74.110001,75.849998,73.282501,75.684998,74.322861,219178400
3/5/2020,73.879997,74.887497,72.852501,73.230003,71.912041,187572800
3/6/2020,70.5,72.705002,70.307503,72.2575,70.957047,226176800
3/9/2020,65.9375,69.522499,65.75,66.542503,65.34491,286744800
3/10/2020,69.285004,71.610001,67.342499,71.334999,70.051155,285290000
3/11/2020,69.347504,70.305,67.964996,68.857498,67.618248,255598800
3/12/2020,63.985001,67.5,62,62.057499,60.940632,418474000
3/13/2020,66.222504,69.980003,63.237499,69.4925,68.241821,370732000
3/16/2020,60.487499,64.769997,60,60.552502,59.462715,322423600
3/17/2020,61.877499,64.402496,59.599998,63.215,62.077293,324056000
3/18/2020,59.942501,62.5,59.279999,61.6675,60.557648,300233600
3/19/2020,61.8475,63.209999,60.6525,61.195,60.093651,271857200
3/20/2020,61.794998,62.9575,57,57.310001,56.278572,401693200
3/23/2020,57.02,57.125,53.1525,56.092499,55.082981,336752800
3/24/2020,59.09,61.922501,58.575001,61.720001,60.609207,287531200
3/25/2020,62.6875,64.5625,61.075001,61.380001,60.275314,303602000
3/26/2020,61.630001,64.669998,61.59,64.610001,63.447186,252087200
3/27/2020,63.1875,63.967499,61.762501,61.935001,60.820324,204216800
3/30/2020,62.685001,63.880001,62.349998,63.702499,62.556019,167976400
3/31/2020,63.900002,65.622498,63,63.572498,62.428368,197002000
4/1/2020,61.625,62.18,59.782501,60.227501,59.143559,176218400
4/2/2020,60.084999,61.287498,59.224998,61.232498,60.130474,165934000
4/3/2020,60.700001,61.424999,59.7425,60.352501,59.266312,129880000
4/6/2020,62.724998,65.777496,62.345001,65.6175,64.436546,201820400
4/7/2020,67.699997,67.925003,64.75,64.857498,63.690239,202887200
4/8/2020,65.684998,66.842499,65.307503,66.517502,65.320358,168895200
4/9/2020,67.175003,67.517502,66.175003,66.997498,65.79171,161834800
4/13/2020,67.077499,68.425003,66.457497,68.3125,67.083046,131022800
4/14/2020,70,72.0625,69.512497,71.762497,70.470955,194994800
4/15/2020,70.599998,71.582497,70.157501,71.107498,69.827736,131154400
4/16/2020,71.845001,72.050003,70.587502,71.672501,70.382568,157125200
4/17/2020,71.172501,71.737503,69.214996,70.699997,69.427582,215250000
4/20/2020,69.487503,70.419998,69.212502,69.232498,67.986504,130015200
4/21/2020,69.07,69.3125,66.357498,67.092499,65.885017,180991600
4/22/2020,68.402496,69.474998,68.050003,69.025002,67.78273,116862400
4/23/2020,68.967499,70.4375,68.717499,68.7575,67.52005,124814400
4/24/2020,69.300003,70.752502,69.25,70.7425,69.469322,126161200
4/27/2020,70.449997,71.135002,69.987503,70.792503,69.51841,117087600
4/28/2020,71.269997,71.457497,69.550003,69.644997,68.391571,112004800
4/29/2020,71.182503,72.417503,70.972504,71.932503,70.637901,137280800
4/30/2020,72.489998,73.6325,72.087502,73.449997,72.128082,183064000
5/1/2020,71.5625,74.75,71.462502,72.267502,70.966881,240616800
5/4/2020,72.292503,73.422501,71.580002,73.290001,71.970963,133568000
5/5/2020,73.764999,75.25,73.614998,74.389999,73.051163,147751200
5/6/2020,75.114998,75.809998,74.717499,75.157501,73.804855,142333600
5/7/2020,75.805,76.292503,75.4925,75.934998,74.568375,115215200
5/8/2020,76.410004,77.587502,76.072502,77.532501,76.343216,133838400
5/11/2020,77.025002,79.262497,76.809998,78.752502,77.54451,145946400
5/12/2020,79.457497,79.922501,77.727501,77.852501,76.658325,162301200
5/13/2020,78.037498,78.987503,75.802498,76.912498,75.732735,200622400
5/14/2020,76.127502,77.447502,75.3825,77.385002,76.197975,158929200
5/15/2020,75.087502,76.974998,75.052498,76.927498,75.74749,166348400
5/18/2020,78.292503,79.125,77.580002,78.739998,77.532204,135178400
5/19/2020,78.7575,79.629997,78.252502,78.285004,77.084183,101729600
5/20/2020,79.169998,79.879997,79.129997,79.807503,78.583321,111504800
5/21/2020,79.665001,80.222504,78.967499,79.212502,77.997452,102688800
5/22/2020,78.942497,79.807503,78.837502,79.722504,78.499634,81803200
5/26/2020,80.875,81.059998,79.125,79.182503,77.967918,125522000
5/27/2020,79.035004,79.677498,78.272499,79.527496,78.307617,112945200
5/28/2020,79.192497,80.860001,78.907501,79.5625,78.342079,133560800
5/29/2020,79.8125,80.287498,79.1175,79.485001,78.26577,153532400
6/1/2020,79.4375,80.587502,79.302498,80.462502,79.228264,80791200
6/2/2020,80.1875,80.860001,79.732498,80.834999,79.595062,87642800
6/3/2020,81.165001,81.550003,80.574997,81.279999,80.033234,104491200
6/4/2020,81.097504,81.404999,80.195,80.580002,79.343964,87560400
6/5/2020,80.837502,82.9375,80.807503,82.875,81.60376,137250400
6/8/2020,82.5625,83.400002,81.830002,83.364998,82.086243,95654400
6/9/2020,83.035004,86.402496,83.002502,85.997498,84.67836,147712400
6/10/2020,86.974998,88.692497,86.522499,88.209999,86.856926,166651600
6/11/2020,87.327499,87.764999,83.870003,83.974998,82.686897,201662400
6/12/2020,86.18,86.949997,83.555,84.699997,83.40078,200146000
6/15/2020,83.3125,86.419998,83.144997,85.747498,84.432213,138808800
6/16/2020,87.864998,88.300003,86.18,88.019997,86.669838,165428800
6/17/2020,88.787498,88.849998,87.772499,87.897499,86.549225,114406400
6/18/2020,87.852501,88.362503,87.305,87.932503,86.583702,96820400
6/19/2020,88.660004,89.139999,86.287498,87.43,86.088898,264476000
6/22/2020,87.834999,89.864998,87.787498,89.717499,88.341316,135445200
6/23/2020,91,93.095001,90.567497,91.6325,90.226936,212155600
6/24/2020,91.25,92.197502,89.629997,90.014999,88.634247,192623200
6/25/2020,90.175003,91.25,89.392502,91.209999,89.810928,137522400
6/26/2020,91.102501,91.330002,88.254997,88.407501,87.051407,205256800
6/29/2020,88.3125,90.542503,87.82,90.445,89.057648,130646000
6/30/2020,90.019997,91.495003,90,91.199997,89.801064,140223200
7/1/2020,91.279999,91.839996,90.977501,91.027496,89.63121,110737200
7/2/2020,91.962502,92.6175,90.910004,91.027496,89.63121,114041600
7/6/2020,92.5,93.945,92.467499,93.462502,92.028847,118655600
7/7/2020,93.852501,94.654999,93.057503,93.172501,91.743317,112424400
7/8/2020,94.18,95.375,94.089996,95.342499,93.880028,117092000
7/9/2020,96.262497,96.317497,94.672501,95.752502,94.283745,125642800
7/10/2020,95.334999,95.980003,94.705002,95.919998,94.448662,90257200
7/13/2020,97.264999,99.955002,95.2575,95.477501,94.012947,191649200
7/14/2020,94.839996,97.254997,93.877502,97.057503,95.568726,170989200
7/15/2020,98.989998,99.247498,96.489998,97.724998,96.225975,153198000
7/16/2020,96.5625,97.404999,95.904999,96.522499,95.041931,110577600
7/17/2020,96.987503,97.147499,95.839996,96.327499,94.849907,92186800
7/20/2020,96.417503,98.5,96.0625,98.357498,96.848778,90318000
7/21/2020,99.172501,99.25,96.7425,97,95.512108,103433200
7/22/2020,96.692497,97.974998,96.602501,97.272499,95.780411,89001600
7/23/2020,96.997498,97.077499,92.010002,92.845001,91.42083,197004400
7/24/2020,90.987503,92.970001,89.144997,92.614998,91.194366,185438800
7/27/2020,93.709999,94.904999,93.480003,94.809998,93.35569,121214000
7/28/2020,94.3675,94.550003,93.247498,93.252502,91.822083,103625600
7/29/2020,93.75,95.230003,93.712502,95.040001,93.582169,90329200
7/30/2020,94.1875,96.297501,93.767502,96.190002,94.714523,158130000
7/31/2020,102.885002,106.415001,100.824997,106.260002,104.630058,374336800
8/3/2020,108.199997,111.637497,107.892502,108.9375,107.266479,308151200
8/4/2020,109.1325,110.790001,108.387497,109.665001,107.982826,173071600
8/5/2020,109.377502,110.392502,108.897499,110.0625,108.374252,121776800
8/6/2020,110.404999,114.412498,109.797501,113.902496,112.155327,202428800
8/7/2020,113.205002,113.675003,110.292503,111.112503,109.605392,198045600
8/10/2020,112.599998,113.775002,110,112.727501,111.198486,212403600
8/11/2020,111.970001,112.482498,109.107498,109.375,107.891449,187902400
8/12/2020,110.497498,113.275002,110.297501,113.010002,111.477165,165598000
8/13/2020,114.43,116.042503,113.927498,115.010002,113.450027,210082000
8/14/2020,114.830002,115,113.044998,114.907501,113.348923,165565200
8/17/2020,116.0625,116.087502,113.962502,114.607498,113.052986,119561600
8/18/2020,114.352501,116,114.0075,115.5625,113.995041,105633600
8/19/2020,115.982498,117.162498,115.610001,115.707497,114.138062,145538000
8/20/2020,115.75,118.392502,115.732498,118.275002,116.670746,126907200
8/21/2020,119.262497,124.8675,119.25,124.370003,122.683075,338054800
8/24/2020,128.697495,128.785004,123.9375,125.857498,124.150398,345937600
8/25/2020,124.697502,125.18,123.052498,124.824997,123.131905,211495600
8/26/2020,126.18,126.9925,125.082497,126.522499,124.806374,163022400
8/27/2020,127.142502,127.485001,123.832497,125.010002,123.3144,155552400
8/28/2020,126.012497,126.442497,124.577499,124.807503,123.114647,187630000
8/31/2020,127.580002,131,126,129.039993,127.289726,225702700
9/1/2020,132.759995,134.800003,130.529999,134.179993,132.359985,151948100
9/2/2020,137.589996,137.979996,127,131.399994,129.617706,200119000
9/3/2020,126.910004,128.839996,120.5,120.879997,119.240402,257599600
9/4/2020,120.07,123.699997,110.889999,120.959999,119.319321,332607200
9/8/2020,113.949997,118.989998,112.68,112.82,111.289742,231366600
9/9/2020,117.260002,119.139999,115.260002,117.32,115.728706,176940500
9/10/2020,120.360001,120.5,112.5,113.489998,111.950645,182274400
9/11/2020,114.57,115.230003,110,112,110.480858,180860300
9/14/2020,114.720001,115.93,112.800003,115.360001,113.79528,140150100
9/15/2020,118.330002,118.830002,113.610001,115.540001,113.972839,184642000
9/16/2020,115.230003,116,112.040001,112.129997,110.609093,154679000
9/17/2020,109.720001,112.199997,108.709999,110.339996,108.843361,178011000
9/18/2020,110.400002,110.879997,106.089996,106.839996,105.390831,287104900
9/21/2020,104.540001,110.190002,103.099998,110.080002,108.586899,195713800
9/22/2020,112.68,112.860001,109.160004,111.809998,110.293442,183055400
9/23/2020,111.620003,112.110001,106.769997,107.120003,105.667038,150718700
9/24/2020,105.169998,110.25,105,108.220001,106.752121,167743300
9/25/2020,108.43,112.440002,107.669998,112.279999,110.757065,149981400
9/28/2020,115.010002,115.32,112.779999,114.959999,113.400719,137672400
9/29/2020,114.550003,115.309998,113.57,114.089996,112.542496,99382200
9/30/2020,113.790001,117.260002,113.620003,115.809998,114.239182,142675200
10/1/2020,117.639999,117.720001,115.830002,116.790001,115.205887,116120400
10/2/2020,112.889999,115.370003,112.220001,113.019997,111.487015,144712000
10/5/2020,113.910004,116.650002,113.550003,116.5,114.919815,106243800
10/6/2020,115.699997,116.120003,112.25,113.160004,111.625122,161498200
10/7/2020,114.620003,115.550003,114.129997,115.080002,113.519081,96849000
10/8/2020,116.25,116.400002,114.589996,114.970001,113.410568,83477200
10/9/2020,115.279999,117,114.919998,116.970001,115.383453,100506900
10/12/2020,120.059998,125.18,119.279999,124.400002,122.712654,240226800
10/13/2020,125.269997,125.389999,119.650002,121.099998,119.457428,262330500
10/14/2020,121,123.029999,119.620003,121.190002,119.546211,150712000
10/15/2020,118.720001,121.199997,118.150002,120.709999,119.072708,112559200
10/16/2020,121.279999,121.550003,118.809998,119.019997,117.405632,115393800
10/19/2020,119.959999,120.419998,115.660004,115.980003,114.406891,120639300
10/20/2020,116.199997,118.980003,115.629997,117.510002,115.91613,124423700
10/21/2020,116.669998,118.709999,116.449997,116.870003,115.284798,89946000
10/22/2020,117.449997,118.040001,114.589996,115.75,114.179985,101988000
10/23/2020,116.389999,116.550003,114.279999,115.040001,113.479622,82572600
10/26/2020,114.010002,116.550003,112.879997,115.050003,113.489479,111850700
10/27/2020,115.489998,117.279999,114.540001,116.599998,115.018456,92276800
10/28/2020,115.050003,115.43,111.099998,111.199997,109.691696,143937800
10/29/2020,112.370003,116.93,112.199997,115.32,113.755836,146129200
10/30/2020,111.059998,111.989998,107.720001,108.860001,107.383438,190272600
11/2/2020,109.110001,110.68,107.32,108.769997,107.294655,122866900
11/3/2020,109.660004,111.489998,108.730003,110.440002,108.942024,107624400
11/4/2020,114.139999,115.589996,112.349998,114.949997,113.390846,138235500
11/5/2020,117.949997,119.620003,116.870003,119.029999,117.415497,126387100
11/6/2020,118.32,119.199997,116.129997,118.690002,117.282112,114457900
11/9/2020,120.5,121.989998,116.050003,116.32,114.940216,154515300
11/10/2020,115.550003,117.589996,114.129997,115.970001,114.594376,138023400
11/11/2020,117.190002,119.629997,116.440002,119.489998,118.072609,112295000
11/12/2020,119.620003,120.529999,118.57,119.209999,117.795929,103162300
11/13/2020,119.440002,119.669998,117.870003,119.260002,117.845345,81581900
11/16/2020,118.919998,120.989998,118.150002,120.300003,118.873009,91183000
11/17/2020,119.550003,120.669998,118.959999,119.389999,117.973801,74271000
11/18/2020,118.610001,119.82,118,118.029999,116.629929,76322100
11/19/2020,117.589996,119.059998,116.809998,118.639999,117.232697,74113000
11/20/2020,118.639999,118.769997,117.290001,117.339996,115.948112,73604300
11/23/2020,117.18,117.620003,113.75,113.849998,112.499519,127959300
11/24/2020,113.910004,115.849998,112.589996,115.169998,113.803856,113874200
11/25/2020,115.550003,116.75,115.169998,116.029999,114.653648,76499200
11/27/2020,116.57,117.489998,116.220001,116.589996,115.207008,46691300
11/30/2020,116.970001,120.970001,116.809998,119.050003,117.637833,169410200
12/1/2020,121.010002,123.470001,120.010002,122.720001,121.264305,127728200
12/2/2020,122.019997,123.370003,120.889999,123.080002,121.620033,89004200
12/3/2020,123.519997,123.779999,122.209999,122.940002,121.481682,78967600
12/4/2020,122.599998,122.860001,121.519997,122.25,120.799873,78260400
12/7/2020,122.309998,124.57,122.25,123.75,122.282082,86712000
12/8/2020,124.370003,124.980003,123.089996,124.379997,122.90461,82225500
12/9/2020,124.529999,125.949997,121,121.779999,120.335449,115089200
12/10/2020,120.5,123.870003,120.150002,123.239998,121.77813,81312200
12/11/2020,122.43,122.760002,120.550003,122.410004,120.957977,86939800
12/14/2020,122.599998,123.349998,121.540001,121.779999,120.335449,79184500
12/15/2020,124.339996,127.900002,124.129997,127.879997,126.363091,157243700
12/16/2020,127.410004,128.369995,126.559998,127.809998,126.293915,98208600
12/17/2020,128.899994,129.580002,128.039993,128.699997,127.17337,94359800
12/18/2020,128.960007,129.100006,126.120003,126.660004,125.157562,192541500
12/21/2020,125.019997,128.309998,123.449997,128.229996,126.708923,121251600
12/22/2020,131.610001,134.410004,129.649994,131.880005,130.315659,168904800
12/23/2020,132.160004,132.429993,130.779999,130.960007,129.406555,88223700
12/24/2020,131.320007,133.460007,131.100006,131.970001,130.404587,54930100
12/28/2020,133.990005,137.339996,133.509995,136.690002,135.068588,124486200
12/29/2020,138.050003,138.789993,134.339996,134.869995,133.270172,121047300
12/30/2020,135.580002,135.990005,133.399994,133.720001,132.133835,96452100
12/31/2020,134.080002,134.740005,131.720001,132.690002,131.116043,99116600
1/4/2021,133.520004,133.610001,126.760002,129.410004,127.874969,143301900
1/5/2021,128.889999,131.740005,128.429993,131.009995,129.455978,97664900
1/6/2021,127.720001,131.050003,126.379997,126.599998,125.098267,155088000
1/7/2021,128.360001,131.630005,127.860001,130.919998,129.367035,109578200
1/8/2021,132.429993,132.630005,130.229996,132.050003,130.483627,105158200
1/11/2021,129.190002,130.169998,128.5,128.979996,127.450043,100384500
1/12/2021,128.5,129.690002,126.860001,128.800003,127.272179,91951100
1/13/2021,128.759995,131.449997,128.490005,130.889999,129.337418,88636800
1/14/2021,130.800003,131,128.759995,128.910004,127.380882,90221800
1/15/2021,128.779999,130.220001,127,127.139999,125.631866,111598500
1/19/2021,127.779999,128.710007,126.940002,127.830002,126.31369,90757300
1/20/2021,128.660004,132.490005,128.550003,132.029999,130.463852,104319500
1/21/2021,133.800003,139.669998,133.589996,136.869995,135.246445,120150900
1/22/2021,136.279999,139.850006,135.020004,139.070007,137.42038,114459400
1/25/2021,143.070007,145.089996,136.539993,142.919998,141.224701,157611700
1/26/2021,143.600006,144.300003,141.369995,143.160004,141.461838,98390600
1/27/2021,143.429993,144.300003,140.410004,142.059998,140.374893,140843800
1/28/2021,139.520004,141.990005,136.699997,137.089996,135.463852,142621100
1/29/2021,135.830002,136.740005,130.210007,131.960007,130.394714,177523800
2/1/2021,133.75,135.380005,130.929993,134.139999,132.548828,106239800
2/2/2021,135.729996,136.309998,134.610001,134.990005,133.388763,83305400
2/3/2021,135.759995,135.770004,133.610001,133.940002,132.351196,89880900
2/4/2021,136.300003,137.399994,134.589996,137.389999,135.760269,84183100
2/5/2021,137.350006,137.419998,135.860001,136.759995,135.339676,75693800
2/8/2021,136.029999,136.960007,134.919998,136.910004,135.488144,71297200
2/9/2021,136.619995,137.880005,135.850006,136.009995,134.597488,76774200
2/10/2021,136.479996,136.990005,134.399994,135.389999,133.983932,73046600
2/11/2021,135.899994,136.389999,133.770004,135.130005,133.726608,64280000
2/12/2021,134.350006,135.529999,133.690002,135.369995,133.964142,60145100
2/16/2021,135.490005,136.009995,132.789993,133.190002,131.806778,80576300
2/17/2021,131.25,132.220001,129.470001,130.839996,129.481171,97918500
2/18/2021,129.199997,130,127.410004,129.710007,128.36293,96856700
2/19/2021,130.240005,130.710007,128.800003,129.869995,128.521255,87668800
2/22/2021,128.009995,129.720001,125.599998,126,124.691444,103916400
2/23/2021,123.760002,126.709999,118.389999,125.860001,124.552895,158273000
2/24/2021,124.940002,125.559998,122.230003,125.349998,124.048195,111039900
2/25/2021,124.68,126.459999,120.540001,120.989998,119.733475,148199500
2/26/2021,122.589996,124.849998,121.199997,121.260002,120.000671,164560400
3/1/2021,123.75,127.93,122.790001,127.790001,126.46286,116307900
3/2/2021,128.410004,128.720001,125.010002,125.120003,123.820572,102260900
3/3/2021,124.809998,125.709999,121.839996,122.059998,120.792366,112966300
3/4/2021,121.75,123.599998,118.620003,120.129997,118.882416,178155000
3/5/2021,120.980003,121.940002,117.57,121.419998,120.159012,153766600
3/8/2021,120.93,121,116.209999,116.360001,115.151558,154376600
3/9/2021,119.029999,122.059998,118.790001,121.089996,119.832436,129525800
3/10/2021,121.690002,122.169998,119.449997,119.980003,118.733963,111943300
3/11/2021,122.540001,123.209999,121.260002,121.959999,120.69339,103026500
3/12/2021,120.400002,121.169998,119.160004,121.029999,119.773048,88105100
3/15/2021,121.410004,124,120.419998,123.989998,122.702316,92403800
3/16/2021,125.699997,127.220001,124.720001,125.57,124.265915,115227900
3/17/2021,124.050003,125.860001,122.339996,124.760002,123.46431,111932600
3/18/2021,122.879997,123.18,120.32,120.529999,119.278244,121229700
3/19/2021,119.900002,121.43,119.68,119.989998,118.743858,185549500
3/22/2021,120.330002,123.870003,120.260002,123.389999,122.108551,111912300
3/23/2021,123.330002,124.239998,122.139999,122.540001,121.26738,95467100
3/24/2021,122.82,122.900002,120.07,120.089996,118.842812,88530500
3/25/2021,119.540001,121.660004,119,120.589996,119.337624,98844700
3/26/2021,120.349998,121.480003,118.919998,121.209999,119.95118,94071200
3/29/2021,121.650002,122.580002,120.730003,121.389999,120.129311,80819200
3/30/2021,120.110001,120.400002,118.860001,119.900002,118.654793,85671900
3/31/2021,121.650002,123.519997,121.150002,122.150002,120.881424,118323800
4/1/2021,123.660004,124.18,122.489998,123,121.722595,75089100
4/5/2021,123.870003,126.160004,123.07,125.900002,124.592484,88651200
4/6/2021,126.5,127.129997,125.650002,126.209999,124.899277,80171300
4/7/2021,125.830002,127.919998,125.139999,127.900002,126.571709,83466700
4/8/2021,128.949997,130.389999,128.520004,130.360001,129.006165,88844600
4/9/2021,129.800003,133.039993,129.470001,133,131.618744,106686700
4/12/2021,132.520004,132.850006,130.630005,131.240005,129.877045,91420000
4/13/2021,132.440002,134.660004,131.929993,134.429993,133.03389,91266500
4/14/2021,134.940002,135,131.660004,132.029999,130.658813,87222800
4/15/2021,133.820007,135,133.639999,134.5,133.103165,89347100
4/16/2021,134.300003,134.669998,133.279999,134.160004,132.766708,84922400
4/19/2021,133.509995,135.470001,133.339996,134.839996,133.439636,94264200
4/20/2021,135.020004,135.529999,131.809998,133.110001,131.7276,94812300
4/21/2021,132.360001,133.75,131.300003,133.5,132.113556,68847100
4/22/2021,133.039993,134.149994,131.410004,131.940002,130.569733,84566500
4/23/2021,132.160004,135.119995,132.160004,134.320007,132.925049,78657500
4/26/2021,134.830002,135.059998,133.559998,134.720001,133.320892,66905100
4/27/2021,135.009995,135.410004,134.110001,134.389999,132.994293,66015800
4/28/2021,134.309998,135.020004,133.080002,133.580002,132.192734,107760100
4/29/2021,136.470001,137.070007,132.449997,133.479996,132.093765,151101000
4/30/2021,131.779999,133.559998,131.070007,131.460007,130.094742,109839500
5/3/2021,132.039993,134.070007,131.830002,132.539993,131.163498,75135100
5/4/2021,131.190002,131.490005,126.699997,127.849998,126.522217,137564700
5/5/2021,129.199997,130.449997,127.970001,128.100006,126.769638,84000900
5/6/2021,127.889999,129.75,127.129997,129.740005,128.392609,78128300
5/7/2021,130.850006,131.259995,129.479996,130.210007,129.076599,78973300
5/10/2021,129.410004,129.539993,126.809998,126.849998,125.745842,88071200
5/11/2021,123.5,126.269997,122.769997,125.910004,124.814026,126142800
5/12/2021,123.400002,124.639999,122.25,122.769997,121.701347,112172300
5/13/2021,124.580002,126.150002,124.260002,124.970001,123.88221,105861300
5/14/2021,126.25,127.889999,125.849998,127.449997,126.340614,81918000
5/17/2021,126.82,126.93,125.169998,126.269997,125.170891,74244600
5/18/2021,126.559998,126.989998,124.779999,124.849998,123.763252,63342900
5/19/2021,123.160004,124.919998,122.860001,124.690002,123.604645,92612000
5/20/2021,125.230003,127.720001,125.099998,127.309998,126.201836,76857100
5/21/2021,127.82,128,125.209999,125.43,124.338203,79295400
5/24/2021,126.010002,127.940002,125.940002,127.099998,125.993668,63092900
5/25/2021,127.82,128.320007,126.32,126.900002,125.795403,72009500
5/26/2021,126.959999,127.389999,126.419998,126.849998,125.745842,56575900
5/27/2021,126.440002,127.639999,125.080002,125.279999,124.189522,94625600
5/28/2021,125.57,125.800003,124.550003,124.610001,123.525337,71311100
6/1/2021,125.080002,125.349998,123.940002,124.279999,123.198212,67637100
6/2/2021,124.279999,125.239998,124.050003,125.059998,123.97142,59278900
6/3/2021,124.68,124.849998,123.129997,123.540001,122.464653,76229200
6/4/2021,124.07,126.160004,123.849998,125.889999,124.794205,75169300
6/7/2021,126.169998,126.32,124.830002,125.900002,124.804108,71057600
6/8/2021,126.599998,128.460007,126.209999,126.739998,125.636795,74403800
6/9/2021,127.209999,127.75,126.519997,127.129997,126.023399,56877900
6/10/2021,127.019997,128.190002,125.940002,126.110001,125.012283,71186400
6/11/2021,126.529999,127.440002,126.099998,127.349998,126.241486,53522400
6/14/2021,127.82,130.539993,127.07,130.479996,129.344238,96906500
6/15/2021,129.940002,130.600006,129.389999,129.639999,128.511566,62746300
6/16/2021,130.369995,130.889999,128.460007,130.149994,129.01712,91815000
6/17/2021,129.800003,132.550003,129.649994,131.789993,130.642822,96721700
6/18/2021,130.710007,131.509995,130.240005,130.460007,129.324417,108953300
6/21/2021,130.300003,132.410004,129.210007,132.300003,131.148407,79663300
6/22/2021,132.130005,134.080002,131.619995,133.979996,132.813766,74783600
6/23/2021,133.770004,134.320007,133.229996,133.699997,132.536209,60214200
6/24/2021,134.449997,134.639999,132.929993,133.410004,132.248749,68711000
6/25/2021,133.460007,133.889999,132.809998,133.110001,131.951355,70783700
6/28/2021,133.410004,135.25,133.350006,134.779999,133.606827,62111300
6/29/2021,134.800003,136.490005,134.350006,136.330002,135.143341,64556100
6/30/2021,136.169998,137.410004,135.869995,136.960007,135.767853,63261400
7/1/2021,136.600006,137.330002,135.759995,137.270004,136.075134,52485800
7/2/2021,137.899994,140,137.75,139.960007,138.741745,78852600
7/6/2021,140.070007,143.149994,140.070007,142.020004,140.783798,108181800
7/7/2021,143.539993,144.889999,142.660004,144.570007,143.311615,104911600
7/8/2021,141.580002,144.059998,140.669998,143.240005,141.993179,105575500
7/9/2021,142.75,145.649994,142.649994,145.110001,143.846893,99890800
7/12/2021,146.210007,146.320007,144,144.5,143.242203,76299700
7/13/2021,144.029999,147.460007,143.630005,145.639999,144.372269,100827100
7/14/2021,148.100006,149.570007,147.679993,149.149994,147.851715,127050800
7/15/2021,149.240005,150,147.089996,148.479996,147.187546,106820300
7/16/2021,148.460007,149.759995,145.880005,146.389999,145.115753,93251400
7/19/2021,143.75,144.070007,141.669998,142.449997,141.210052,121434600
7/20/2021,143.460007,147.100006,142.960007,146.149994,144.877853,96350000
7/21/2021,145.529999,146.130005,144.630005,145.399994,144.134369,74993500
7/22/2021,145.940002,148.199997,145.809998,146.800003,145.522186,77338200
7/23/2021,147.550003,148.720001,146.919998,148.559998,147.266876,71447400
7/26/2021,148.270004,149.830002,147.699997,148.990005,147.693146,72434100
7/27/2021,149.119995,149.210007,145.550003,146.770004,145.492477,104818600
7/28/2021,144.809998,146.970001,142.539993,144.979996,143.718018,118931200
7/29/2021,144.690002,146.550003,144.580002,145.639999,144.372269,56699500
7/30/2021,144.380005,146.330002,144.110001,145.860001,144.590363,70440600
8/2/2021,146.360001,146.949997,145.25,145.520004,144.253342,62880000
8/3/2021,145.809998,148.039993,145.179993,147.360001,146.077332,64786600
8/4/2021,147.270004,147.789993,146.279999,146.949997,145.670883,56368300
8/5/2021,146.979996,147.839996,146.169998,147.059998,145.779922,46397700
8/6/2021,146.350006,147.110001,145.630005,146.139999,145.084991,54126800
8/9/2021,146.199997,146.699997,145.520004,146.089996,145.035324,48908700
8/10/2021,146.440002,147.710007,145.300003,145.600006,144.548874,69023100
8/11/2021,146.050003,146.720001,145.529999,145.860001,144.807007,48493500
8/12/2021,146.190002,149.050003,145.839996,148.889999,147.815125,72282600
8/13/2021,148.970001,149.440002,148.270004,149.100006,148.023605,59375000
8/16/2021,148.539993,151.190002,146.470001,151.119995,150.029037,103296000
8/17/2021,150.229996,151.679993,149.089996,150.190002,149.105743,92229700
8/18/2021,149.800003,150.720001,146.149994,146.360001,145.303406,86326000
8/19/2021,145.029999,148,144.5,146.699997,145.64093,86960300
8/20/2021,147.440002,148.5,146.779999,148.190002,147.120193,60549600
8/23/2021,148.309998,150.190002,147.889999,149.710007,148.629227,60131800
8/24/2021,149.449997,150.860001,149.149994,149.619995,148.539856,48606400
8/25/2021,149.809998,150.320007,147.800003,148.360001,147.288971,58991300
8/26/2021,148.350006,149.119995,147.509995,147.539993,146.474884,48597200
8/27/2021,147.479996,148.75,146.830002,148.600006,147.527252,55802400
8/30/2021,149,153.490005,148.610001,153.119995,152.014587,90956700
8/31/2021,152.660004,152.800003,151.289993,151.830002,150.733917,86453100
9/1/2021,152.830002,154.979996,152.339996,152.509995,151.408997,80313700
9/2/2021,153.869995,154.720001,152.399994,153.649994,152.540756,71115500
9/3/2021,153.759995,154.630005,153.089996,154.300003,153.186096,57808700
9/7/2021,154.970001,157.259995,154.389999,156.690002,155.558823,82278300
9/8/2021,156.979996,157.039993,153.979996,155.110001,153.990219,74420200
9/9/2021,155.490005,156.110001,153.949997,154.070007,152.957748,57305700
9/10/2021,155,155.479996,148.699997,148.970001,147.894547,140893200
9/13/2021,150.630005,151.419998,148.75,149.550003,148.470367,102404300
9/14/2021,150.350006,151.070007,146.910004,148.119995,147.05069,109296300
9/15/2021,148.559998,149.440002,146.369995,149.029999,147.954117,83281300
9/16/2021,148.440002,148.970001,147.220001,148.789993,147.715836,68034100
9/17/2021,148.820007,148.820007,145.759995,146.059998,145.005539,129868800
9/20/2021,143.800003,144.839996,141.270004,142.940002,141.908081,123478900
9/21/2021,143.929993,144.600006,142.779999,143.429993,142.394531,75834000
9/22/2021,144.449997,146.429993,143.699997,145.850006,144.797073,76404300
9/23/2021,146.649994,147.080002,145.639999,146.830002,145.770004,64838200
9/24/2021,145.660004,147.470001,145.559998,146.919998,145.859329,53477900
9/27/2021,145.470001,145.960007,143.820007,145.369995,144.320541,74150700
9/28/2021,143.25,144.75,141.690002,141.910004,140.885529,108972300
9/29/2021,142.470001,144.449997,142.029999,142.830002,141.798859,74602000
9/30/2021,143.660004,144.380005,141.279999,141.5,140.47847,89056700
10/1/2021,141.899994,142.919998,139.110001,142.649994,141.620178,94639600
10/4/2021,141.759995,142.210007,138.270004,139.139999,138.135513,98322000
10/5/2021,139.490005,142.240005,139.360001,141.110001,140.091309,80861100
10/6/2021,139.470001,142.149994,138.369995,142,140.974884,83221100
10/7/2021,143.059998,144.220001,142.720001,143.289993,142.255554,61732700
10/8/2021,144.029999,144.179993,142.559998,142.899994,141.868378,58773200
10/11/2021,142.270004,144.809998,141.809998,142.809998,141.779007,64452200
10/12/2021,143.229996,143.25,141.039993,141.509995,140.488388,73035900
10/13/2021,141.240005,141.399994,139.199997,140.910004,139.892746,78762700
10/14/2021,142.110001,143.880005,141.509995,143.759995,142.722153,69907100
10/15/2021,143.770004,144.899994,143.509995,144.839996,143.794373,67940300
10/18/2021,143.449997,146.839996,143.160004,146.550003,145.492035,85589200
10/19/2021,147.009995,149.169998,146.550003,148.759995,147.68605,76378900
10/20/2021,148.699997,149.75,148.119995,149.259995,148.182465,58418800
10/21/2021,148.809998,149.639999,147.869995,149.479996,148.400879,61421000
10/22/2021,149.690002,150.179993,148.639999,148.690002,147.616577,58883400
10/25/2021,148.679993,149.369995,147.619995,148.639999,147.56694,50720600
10/26/2021,149.330002,150.839996,149.009995,149.320007,148.242035,60893400
10/27/2021,149.360001,149.729996,148.490005,148.850006,147.775421,56094900
10/28/2021,149.820007,153.169998,149.720001,152.570007,151.468567,100077900
10/29/2021,147.220001,149.940002,146.410004,149.800003,148.718582,124953200
11/1/2021,148.990005,149.699997,147.800003,148.960007,147.884628,74588300
11/2/2021,148.660004,151.570007,148.649994,150.020004,148.936996,69122000
11/3/2021,150.389999,151.970001,149.820007,151.490005,150.396362,54511500
11/4/2021,151.580002,152.429993,150.639999,150.960007,149.870178,60394600
11/5/2021,151.889999,152.199997,150.059998,151.279999,150.407059,65463900
11/8/2021,151.410004,151.570007,150.160004,150.440002,149.571915,55020900
11/9/2021,150.199997,151.429993,150.059998,150.809998,149.939774,56787900
11/10/2021,150.020004,150.130005,147.850006,147.919998,147.066452,65187100
11/11/2021,148.960007,149.429993,147.679993,147.869995,147.016754,41000000
11/12/2021,148.429993,150.399994,147.479996,149.990005,149.124512,63804000
11/15/2021,150.369995,151.880005,149.429993,150,149.134445,59222800
11/16/2021,149.940002,151.490005,149.339996,151,150.128693,59256200
11/17/2021,151,155,150.990005,153.490005,152.604324,88807000
11/18/2021,153.710007,158.669998,153.050003,157.869995,156.95903,137827700
11/19/2021,157.649994,161.020004,156.529999,160.550003,159.623596,117305600
11/22/2021,161.679993,165.699997,161,161.020004,160.090866,117467900
11/23/2021,161.119995,161.800003,159.059998,161.410004,160.478622,96041900
11/24/2021,160.75,162.139999,159.639999,161.940002,161.005569,69463600
11/26/2021,159.570007,160.449997,156.360001,156.809998,155.905167,76959800
11/29/2021,159.369995,161.190002,158.789993,160.240005,159.315384,88748200
11/30/2021,159.990005,165.520004,159.919998,165.300003,164.346176,174048100
12/1/2021,167.479996,170.300003,164.529999,164.770004,163.819229,152052500
12/2/2021,158.740005,164.199997,157.800003,163.759995,162.815063,136739200
12/3/2021,164.020004,164.960007,159.720001,161.839996,160.906113,118023100
12/6/2021,164.289993,167.880005,164.279999,165.320007,164.366074,107497000
12/7/2021,169.080002,171.580002,168.339996,171.179993,170.192215,120405400
12/8/2021,172.130005,175.960007,170.699997,175.080002,174.069733,116998900
12/9/2021,174.910004,176.75,173.919998,174.559998,173.552734,108923700
12/10/2021,175.210007,179.630005,174.690002,179.449997,178.414536,115402700
12/13/2021,181.119995,182.130005,175.529999,175.740005,174.725937,153237000
12/14/2021,175.25,177.740005,172.210007,174.330002,173.324066,139380400
12/15/2021,175.110001,179.5,172.309998,179.300003,178.265381,131063300
12/16/2021,179.279999,181.139999,170.75,172.259995,171.265991,150185800
12/17/2021,169.929993,173.470001,169.690002,171.139999,170.152481,195432700
12/20/2021,168.279999,170.580002,167.460007,169.75,168.770477,107499100
12/21/2021,171.559998,173.199997,169.119995,172.990005,171.991791,91185900
12/22/2021,173.039993,175.860001,172.149994,175.639999,174.626511,92135300
12/23/2021,175.850006,176.850006,175.270004,176.279999,175.262802,68356600
12/27/2021,177.089996,180.419998,177.070007,180.330002,179.289444,74919600
12/28/2021,180.160004,181.330002,178.529999,179.289993,178.255432,79144300
12/29/2021,179.330002,180.630005,178.139999,179.380005,178.344925,62348900
12/30/2021,179.470001,180.570007,178.089996,178.199997,177.171722,59773000
